user,mentions
tanmarti,3
tizayucacecyteh,88
RIPESStwit,1
FundacionRepsol,1
platdeinfancia,19
EmpresaEscuela,1
AuditoriaAGN,2
CCOOclm,1
Airbus,1
evanderrojasb,1
AjuntMassanassa,1
iagobueno,9
ONUMujeres,5
itaipuparaguay,11
Ajuntamentsab,1
asiet_lat,8
OIMChile,28
crespial,2
PremioSacha,3
carmelomarcen,10
sarteaga4,32
exportun,2
HEVIACHAVARRI,3
impacthub,3
scottishwater,1
RealEstateEarth,1
ndequeiros,11
OLACEFS_oficial,12
ApoderadosOrg,1
UpSocialBCN,1
CSinguilucan,95
FintechIberoAme,1
EANAMaestrazgo,2
aliciaselles,6
BrezoSintes,14
BA_Produccion,2
Radio_Orihuela,8
FacultadEducaUZ,3
Ana_Scherman,1
MineducChile,1
Bankia,13
DMatamala,1
DimitriZV,1
mwassermannl,1
ColonAlcaldia,7
Areandina,1
claudifortuna,1
agorarsc,44
paradigmate,1
contacteando,2
diegoarisi,3
Emmanuel_GC1,1
MariContr3ras,1
CulturaRSC,2
gablozano,1
grpinnovaris,3
hermanmartinezg,2
mvalerio_gu,1
pepitaygrano,1
EmbajadaEcuUSA,1
bd4dnetwork,1
GoogleES,2
UNV_ROLAC,1
Eventos_EXP,1
Mango,2
UAM_Ediciones,2
CSecundaria,2
ucomur,3
oeg_upm,7
Greenalia_es,1
MdicosLasPalmas,8
Fundacion_ONCE,17
mutualiamutua,4
PactoGlobalPERU,4
FundVodafone,1
quameorg,1
EnergiaRM,1
vikyvilarino,4
rubenborrega,11
FiscaliadeChile,1
DerechoUV,1
Cotec_Innova,63
MalenaRiudavets,2
InkaMattila,7
FBiodiversidad,69
Meugeniaperezea,1
squadrado,1
PNUD_ALGenera,1
ProPacificoOrg,4
CEADS_AR,46
alandmcgill1,1
GoberCaldas,4
unescoMOST_LAC,4
ACCIONA,28
FedEconEd,1
Diego1Castaneda,1
unfpa_lac,3
apt_americas,1
ObservaRSE_,2
889Noticias,1
SalomoniCris,2
CalderonBassi,1
ANCONOrg,2
tonisolano,2
OITAndina,3
GobiernoRioja,1
elkinhernanha,1
Yazcardenas15,11
Cris_Duque_A,1
AbacusCoop,2
etsimontes,8
alrebalaje,1
vicpazm,8
abc_es,7
AcciocontraFam,1
educantabria,3
cristinagarmend,11
MarcelaUIO,2
LAQI_quality,1
ieslasendagtf,5
Ruben_Castro,3
MariaGomezRguez,15
ajuntcatarroja,1
PandaExpressSV,1
EspanaPacto,1
Caf,1
deusto,18
RepresentCol,1
pazosalejandro,1
Yola_MartinezL,40
PedroAzpiazu,1
elementsgroupec,2
PabloPonce,3
eduardomurat,1
nathaliedetry,2
gfrias,2
QuinteroCalle,11
martinmata19,1
ScoutMessengers,1
CatedraHidralia,1
Pref_Bolivar,1
agenciaeduca,1
CAMHUILA,1
FundacionBeQual,36
BManriqueLara,2
LauraRomeroGme1,3
ScaniaArgentina,2
jesi_ortega,24
AUARA_H2O,3
SEDENAmx,5
AnaZambranafol,1
EcuadorONU,1
Red_Carolina,35
meconomia,2
Chiesi_es,3
TigoParaguay,2
iesllanesevilla,6
s,15
centroplaza_,1
ginariano,7
cinemoviltoto,2
FMayorZaragoza,15
BibliotecasSNBP,3
pattyfalconi,2
XSolidaria,2
AclimaEuskadi,1
M_LuzOrtega,3
lhmastran,1
UnLtdSpain,10
JaimeSilos,1
Vivirsinplastic,1
ONU_derechos,2
m3nyug,4
DANE_Colombia,10
aldeassosSV,1
Supertransporte,1
marireguecorti,1
CastroVerdetk,2
TelefonicaEC,9
mapagob,55
cantabriaes,8
blogsostenible,3
IWC,1
Corcivicaldas,1
UNIDO,7
anasanben,1
jalmagro,2
JuniorReport_,3
aquilatierratve,1
unicef_eus,1
Innovart_cc,5
portdebarcelona,1
StefaniaMarcone,1
alvizlo,9
SmartCity_Net,2
AaltoCons,11
sanidadgob,2
UTECuy,12
UNLEASHlab,5
feproami,1
Coviran,30
EMPODERA_org,36
gpssenado,1
PRL_UC3M,1
MuniPuertoctay,1
educarportal,1
Alberto_Guijarr,19
FundacionSES,1
elie_luna,1
61chema,1
UniversoSanti,2
LFpuertomorelos,1
GobiernoMX,6
UNDPbiofin,1
spuertopavon,5
guchachi,1
PufEric,2
Ferfollos,10
FundPopular,3
mmunozocana,8
Oxfam_Guatemala,1
MaLaPeNa,1
TECHOcol,1
Dawamoru,1
ProyectoCantera,5
CulturaRM_,1
sedavicomunica,1
Arboledasevilla,6
UNCUYO,3
juanfcalero,3
scgghn,1
GalaFreixa,1
Together_2030,3
Patxietxea,3
jorgesolana,6
AshokaSpain,1
EvaPiera_Madrid,6
JoaquinCaudeli,9
FaridHannan,1
OITnoticias,2
cbiblioperu,1
Deloitte_ES,5
elpais_economia,1
WorldGovSummit,4
InesArrimadas,4
MESCYTRD,1
periodicoaragon,1
ReginaRanieri1,1
neusportas,4
GWPCEE,1
CEER_98,2
bnmascerca,2
AgenciadeSE,1
circugas,1
fesabid,1
BoxSynergyOk,2
ACNURSuramerica,1
daiesco,4
fraconalv,1
ANDIHonduras,9
IS2030_Chile,51
EcologistaE,3
cceoficialmx,12
ADNMurcia,1
c40cities,5
unescos,1
Economia_3,1
ANGED_es,5
alfredvara,7
Chapiescarlata,1
elisacm_18,8
FIIAPP,18
CGGalapagos,3
eACNUR,10
CarlotaMerchn,1
cequisard,1
DircomAND,4
RevistaRetosUps,3
ColombianConfer,3
SpecialistBr,3
UnaiVillalba,4
bobvalladares,1
andalucialab,1
martinszomszor,1
Carlos_GPerujo,1
LoloViMu,1
scoutCdSol108,19
leguizamonml,3
rojaschavarria,1
RadioRumbo1074,1
rchavarri,1
CooperacionESP,18
LuisRuaACDC,1
YpsilomRSE,17
luis_ods,6
LaChorreraVerde,1
bibliodonihue,17
davidgvtierrez,25
SANFI_Institute,1
enisa,34
MIC_PY,1
blissrecycling,1
GrupoCosentino,7
AdeccoChile,20
CarmenLigiaV,1
qromunicipio,2
asocgaraje,14
campamentoideas,1
Red_EQAp,1
FMBBVA,1
utppanama,1
esclerosiseme,7
Correos,4
CorferiasBogota,2
urjc,1
mavi_mestre,1
ONUMX,39
pmalnati,3
UruguayXXI,1
UmCarrasco,13
RichardCarapazM,8
casyc,1
Celsia_Energia,1
feijoo_costa,6
luisyepesb,2
Cinesa,1
programaprovoca,1
luisbernardov,11
RicardoRubioA,1
oikit,7
SilviaFe,1
autonomialocal,7
mariagemaquint1,35
lucianamermet,10
inmitacs,3
RobecoSAM,1
PazQuerida,9
snietoparra,1
dimeloconletras,1
dcaraban,6
SmartAgriFoodSu,2
SenadoresPy,2
felicezaccheo,1
Javinadal,2
GrupoPenarroya,2
gobqro,1
UOCbiblioteca,4
apicassent,1
lidlespana,1
EINAunizar,5
ErikaTorregrosa,1
BCorporation,1
hubprovidencia,1
segovia_es,2
COPROFAM,1
INSST_MITRAMISS,23
BelenCardonaRub,17
Asmadera_,4
ekuischlaroche,2
menarini_es,5
UNESCOMexico,12
jesusdelaosa,21
L2_LaSegunda,2
ClarCahill,1
foretica,150
GSK_ES,1
Compromiso_Empr,23
AguasdeLeon,2
planificable,2
SinCorbataTVN,4
EarthCheck_,1
juanjocorrea_ok,2
eulacfoundation,3
dfcspain,17
MMS_Cantabria,1
DinantHN,1
ficmec,1
STP_Paraguay,5
ANDI_Colombia,10
sumorenoga,2
EBCzaragoza,9
EmmanuelMacron,1
Banobras_mx,3
GobAragon,20
Ethic_,64
CongresoCI,1
eusebiocordoba,2
SEIASA_OFICIAL,87
MYWorld2030,1
marca,2
MendezLeo06,1
mvillacist,7
QuieroCasa,1
UCAMCatedraRSC,8
btecasRM,1
rudymartinez66,1
ONUHabitatMex,26
GtLiberal,3
sandraxab,1
ExploraLeon,1
picoj,1
saludesferaTW,1
ARPAemc,3
CEAes_,22
_minecogob,19
Refugees,1
Ashoka,1
UNRoficial,1
CFATNVO,4
UJIuniversitat,1
carmencampos_,3
Henkel,5
AmbienteNacion,7
acostaide,9
CaneteFelisa,1
javimoralruiz,3
kasmexiko,2
plenaextremadur,5
Nebrija,1
tanuniversal,1
KotasekRafa,5
WorldVisionONG,14
MAPFRE_ES,2
18rodpf,7
IngDeusto,5
DACchairOECD,13
clubcalidadcom,1
foroinserta,1
FundacionLomas,1
infuy,1
UNICEFParaguay,1
ASteiner,1
IIDMA_ecolaw,1
uicn_conserva,3
CamaraCIP,12
VdeV22449512,1
GrupoAIS,4
RosaMCanton,1
UrbanClouds_ES,4
catalinitaga,2
amnistiaespana,7
padlet,6
afrancorpo,1
malaga,14
FFFSalamanca,7
aordas,10
JoanaMoscoso,1
TurismoEspGob,3
ecorina,4
REDAC_DDHH,35
jbetancourtv,2
Ayto_Montilla,3
PodesEMPRENDER,5
EFEverde,35
RitaBellLpz,24
AlQuintanilla,3
accelerate2030,2
scoutsguatemala,1
SINNETIC_SAS,2
EnelGroup,2
RevEstrategas,2
swmadrid,3
cambrabcn,1
sekatlantico,5
xprize,1
frodrigq,6
KPMG_ES,2
AEF_fundaciones,18
meritxell_batet,14
fmcapitalsalta,6
ajborriana,1
ElPrincipitoTW,1
IEducativa_UPM,1
AragonAbierto,20
IGavilan_CGF,1
MattDamonOnline,1
RotaractSai,1
drdianis,1
redinpae,1
CCAMLR1,1
BIOINTROPIC,1
sdsnyouthmx,4
rmiguelanez,5
iberdrola,16
Funddateces,18
AccionODS,11
egap_xunta,9
Cecivillarroel,1
Ambiente_Ec,105
IpfPortal,1
fernandobolado,2
econocimientoam,2
CocaCola_,1
_celera,4
SEO_BirdLife,11
sanjose_turismo,4
Diario_LaVerdad,1
group_cgc,4
EdurneVidal,25
SDG2030,1
DialogoRede,1
CRECantabria,5
aconcejo,1
SumaInnova,4
EducampoMX,4
HorasisOrg,6
economiadelagua,2
AlbertoRNogal,2
CRAlicante,2
MarinadeFrente,1
BancoMundialLAC,6
sectorceca,1
manuelcaire,2
graphenstone_b,1
LidiaBenitez96,1
DircomSpain,12
AIESEC_Arg,1
pablolabajos_ma,14
JuanCiudadONGD,4
ProteccionPonal,1
MartinVizcarraC,1
UniJaveriana,5
UGT_Comunica,15
FNLI_nl,1
MercadosdelVino,1
DialogosHambre0,3
DefensoriaCol,7
TVTorrevieja,12
rockbotic_com,2
VirginiaHGZ,1
TooGoodToGo_ES,3
Agos_Almeida,4
HumanRightsDK,2
Ecuadorencifras,38
derecho_uam,1
AlfredoRamosM,2
Campofrio_es,1
APLU_Galicia,6
MEPyDRD,13
CaixaForum,8
santiagopinzong,18
Limpiolux,2
JuventudRD,20
ONUArgentina,47
RemolacHackLAB,1
Bizkaia,1
ciudadesODS,5
LAB_Ecoinnova,1
ricohspain,7
future_spain,2
COE_es,4
Edmavi03,1
pmklose,7
NoraLuziOk,1
luis_vano,4
exanimotina,1
arends_hel,16
somos_dLana,22
AyuntamientoCV,1
LolaSanjuanCKL,2
RedAlimentos,1
ayudaenaccion,33
vicente_alcaniz,1
AleArratiaM,18
Empleadas_hogar,3
Grupo_init,11
UAGroVerde,17
jovenmania,1
SEGIBdigital,35
as_uco,6
CruzRojaMurcia,9
Ja_Madariaga,2
jacoblopalo,2
getupandgoalsES,1
diputacionMLG,5
cartiga_global,6
PNUDUruguay,9
ceci_vanadia,1
SEKLesAlpes,5
CEDREAC,7
glocalminds,4
pactoglobalARG,13
infoaquara,17
CatUnescoSos,11
MexOMM,4
UNRISD,46
UN_SDG,1
Xunta,2
CRIFAcacias,14
EducacionAR,4
FundacionVarkey,5
fecoreva,12
GDCEnDeporte,1
fund_adecco,29
PMunozLedo,1
matianconetani,2
tudiscovery,1
provita_ong,3
ambientejujuy,3
usa_tu_poder,8
GC_GCiencia,1
Colciencias,3
gerdau,1
Albersanpa,1
LuisReyes_TI,2
ANMColombia,2
cfiemiranda,3
wto,9
Metrovias,1
mbachelet,1
smgdupuy_gallo,1
UdL_info,1
CEOE_ES,49
La_Terminal_,1
pullandbear,3
dordonyez,4
a_publica,7
grupo_sifu,5
SoyValor,1
simonsinek,1
ArgentinaUN,2
MadridNetwork,15
Anadesaracho,1
pazpyma,19
RSQuito,1
unicefvenezuela,1
atlanticomedio,13
Los18org,2
SGGEdomex,9
BiblioCEMMdP,9
PedroPedrosoC,1
Ps_Digitales,85
Jmorsa,19
FET_Telde,2
BottinoG,1
ParedesUrquiza,3
GermanLaRioja,1
diasporadas,9
diariosevilla,3
EstherTristn,7
JonathanPleitez,9
horaciorlarreta,1
EnriquePenalosa,1
ISS_ES,2
fonspitius,2
RicardoGarzonT,5
minturvenezuela,1
Hermesprometeo,1
biobiosfera,6
forokoop,10
BAMXPuebla,1
GVAcooperacio,1
mriost,30
elimperdible_es,4
psoeex,16
UdeCEsHoraDe,3
oscarlopeztwit,8
ferreyrawalter6,1
machivallarino,1
pulitaroxxx,1
utem,3
inec,3
AcademiadelaInd,1
Sumarse,6
smartcityclust,1
Byzness_Zeta,2
GEF_SGP,2
DiegoBastidasY,3
Disability_SE,1
SumaAlicante,17
evoespueblo,2
sustentARtv,1
berecordero,1
actua_leon,1
jmcaballol,6
feducaci_alcoi,5
Caballodetroyq,1
Eduardo_Bezares,5
AytoLeganes,3
latitud_uy,14
Excelencia_Comp,9
ana_Gsalinas,3
juri_marcelo,3
MARN_SV,1
CNT_EC,3
SEDESOQueretaro,1
VazquezZeta,1
tinamonge,7
ActivistaCo,1
OrdonezGonzalo,2
sanchezcastejon,39
lallaveazul,1
MutuaAbogacia,4
KattiOsorio,1
DiariodeCA,1
MatsGranryd,3
CMDMexico,22
pastorams,6
PielagosDeporte,1
Mar_lo_quin,5
anaisojz,1
SaboraMalaga,1
SanMiguel,1
PNUDHN,9
josemcar,3
grupotecmared,1
Senadoesp,1
IAF_Aragon,1
SocialabMx,1
bcnchile,1
UEenParaguay,2
TrinessSD,5
I2ImpactSocial,5
MDiosR,5
SociosCCS,1
JuanMarin_Cs,1
FedericoKopta,1
scout_es,30
EmilioGuerraD,2
albmartalv,1
IxmiCecyteh,88
juanjovergara,8
hernanfrancook,6
pacaespil,8
SilviaF05973954,2
IEPS_Ec,3
begoaPastor,1
Facoan_,7
cicuncuncuyo,1
IES1LIBERTAS,12
PJCOMEXI,3
fundacionGSR,1
IBERO_mx,1
FundDelValle,1
Manana2019,56
lacolladocueto,1
FSustentable,9
SDI_software,1
LolaOrtizSanch2,2
respon_cat,2
UN,113
GPSalmeron,29
AkbaruddinIndia,1
CervezGabarrera,1
aeioLuz,12
SellinUruguay,17
CompromisoSAI,1
JuristasThemis,5
ISMERCOSUR,54
logan4105,1
infouex,3
SomosQuiero,17
satyago,2
ColeLosOlivos,2
OlgaMancilla4,1
niqicastro,1
MurciaFest,41
PNUDChile,105
mercosur,4
titodelafuente,1
Periodistas_APA,1
sheedopaper,1
AnduezaSergio,2
BASF_ES,2
IOMatUN,1
gzapatamadrid,1
suezES,44
escuela_madrid,1
HaroldNaranjoC,6
jcarlosgonz,15
pablonegri,2
Pernod_RicardES,4
gina_gutierrezr,2
JavierBenayas,2
ONUDIColombia,1
patri24cazorla,5
ROCKWOOL_ES,7
D_intCADIZ,4
clg_chile,1
EAPNEXTREMADURA,1
MaiderUnicef,5
UNHabitatSpain,5
pagina66,1
JovenesUnasurEc,1
ecodes,23
slondonouribe,11
prosalus,3
MuniCba,9
caritovegas,1
bibliotecacreal,10
grupocrsur,1
CAEB,21
diariosustentab,1
Edu_FdP,1
ODSChile,1
javiramossancha,13
gg_dia,1
soziableES,4
elblogsalmon,1
LobbyingSocial,2
BandaMarcialCcs,1
CTATech,2
ImperdibleCotec,97
Tu_IMSS,1
SevillaPAC,1
ProtegeEmpresa,1
FEFCMadrid,1
kettererjuan,2
REMECID,1
AnelisMarichal,4
ReaseChile,3
colegioBMAJesus,1
luichigadea,8
alvaroandradeec,1
eva_cazalla,3
paujournaliste,4
PabloDramis_RSE,2
Elena_GGarcia,1
MauricioJaramil,1
AxSolidaridad,8
ImpactUN,1
readerasturias,6
ASIT_SV,3
PopNoj,1
LifeMethamorph,3
Ener3Dmap,2
JOVESOLIDES,9
JoseMariaLJ,7
CERMICV,3
acsinergia,7
JkDeGa,1
RedAmigableEdad,2
UNFPA,2
cesarlitardo,8
Nathavelasquez1,1
2019_wsj,1
maguadoarnaez,2
helen_access,3
ucatolicamaule,2
NormasUNE,24
5050GL,9
acumarriachuelo,2
elonmusk,1
FJ_Merida,2
crisdequiroga,1
cecivs,7
CepymeNews,20
CentroMMolina,1
palencia_ana,2
udem,1
cavilesp,3
joangandiaoltra,1
ferlade,1
sbalbornoz,4
LADANI_C,1
ABU_Uruguay,1
AlejandroSanzEC,1
intuMediterrani,1
coplan_coplade,9
ongdclm,3
fomentogob,5
coalicion,1
sedebubo,1
Estamos_Listas,1
AbuelasGamonal,1
AnnaBerga_,26
FondoGalego,1
jgarcia_javier,10
BBVABancaRespon,7
arnauqueralt,1
UcabGuayana,7
gloriasantiagoc,2
NuevosRetosEA,7
upvehu,12
Energia_Ar,12
FMKTSevilla,1
SGR_Garantia,1
TSWPachuca,2
SapienzaRoma,1
Unacolombiaofic,2
utpl,56
Socialdinapp,4
LNPP_MX,27
CityScientists,3
juventudcmadrid,1
cuba,1
TranspiSS,6
MvdFintechForum,29
NIglesiasM,1
Anesvad,10
NoticiasdeAlava,2
UNFPAElSalvador,1
LoyolaExecutive,22
CNPC_MX,5
Teresaribera,11
IbercampusES,2
iElenaR,6
MuseoMyT,4
AlmudenaDiez,8
DelGobVG,56
PaulEDawson,2
MaPaulinaP,4
CorteIngles,1
Colegio_DH,1
FAOPERU,1
MonedaVaramedi,3
luismi_barral,4
premio_avonni,1
LZamarriego,1
Cermi_Estatal,12
catsostenible,1
AragonEMPRESA,1
erikaruiz,4
AjuntamentVLC,12
UnescoYouthKe,1
ConueeSolar,1
invapargentina,1
Telefonica,8
laruecaas,5
SOTZIL_MAYA,1
zentrumclip,2
mmalfaro31,1
ItzelCheca,7
ParqueAlmenara,3
Ssocialesgob,1
UCCI_SG,9
oinarrisgr,4
tomasechiburu,2
TheWorldsLesson,1
aguasdetelde,1
jmlopezmurcia,3
AnaCasadoMolina,2
NoticiasNavarra,1
jp_economics,1
MpioCorregidora,2
Cofares,3
CECODES,4
MireiaPanisello,1
Planetatucasa1,7
2030Agenda,6
osalanEJGV,1
RPPNoticias,2
cemad_es,11
Sebas_Olivera,6
viceUPOE3,6
IgnacioSoleto,1
TechnovAragon,4
gestarservice,1
EAFIT,1
cecytehtulanvin,1
ambientumcom,2
OIMCentroAmer,2
FLACSOec,1
samperio_vero,1
abcdesevilla,1
AnsemacAND,5
AurenBlc,2
LillyES,2
Abogacia_es,32
YouTube,8
Jovenes_Mov,1
_perazzo_,13
WilmerVasquezM,1
jlyzuel,2
ophi_oxford,8
medcara,1
lauraprietoguij,3
ayming_es,2
ceoetenerife,1
EUinmyRegion,1
lorenag_mx,1
AlumniUAM,2
ConstruyendoyC,16
robleshormigo,3
Peru_Sostenible,3
grupo_ssi,1
min_ciencia,1
MinSaludGuate,1
UCV_Noticias,2
boomerangviajes,1
unodcesp,2
fundacionfade,12
elOrdenMundial,1
carlitachavarr,16
marianmunera,1
Pcasbri,4
ObservatorioCUD,14
elcomercio_peru,1
Miss_Internet,2
Apedeorg,2
COFIDES,3
UniversidadB,1
carlospineyroa,7
Edudesarrollo,27
ComisionODSRD,2
designetworking,2
GIZEcuador,2
AsuntosInter_Ch,4
clauavruj,5
VeciFeministas,1
apalaciosrubio,1
CEMENTOHORMIGON,1
_aeress_,5
SOMEPUMANIZALES,1
cooperacion,11
dkny,1
colsangregorio,2
RehapProject,8
pangelicaperaza,1
FAlimentum,2
Doctor1DOC3,2
ICFEScol,2
UNDGACM_ES,1
FampaceMurcia,2
SincroAsesores,6
manupleguezuelo,12
alemitta,7
catalunyaeuropa,3
Equal2030,3
longinosmarin,2
CentroinnovaUC,2
OroNoticias,2
Carlo_Angelesm,1
gemabrung,1
fdoarab,4
pvazquezmarin,5
pablomtzroyo,23
UNWTO,9
risierra88,4
GuiasCol,1
donosticup,1
nanetegarces,1
enagas,3
AsociacionICID,31
gerard0garcia,1
gabrieldeler,14
consorseguros,3
Auladelestrecho,3
harvardiop,1
IntendenciaRM,1
dmeijide,16
uc3m,32
Jesus_Tortosa,4
lauracardenas79,1
SajaNansa,1
BienHumano,2
vivesgadea,1
AtosES,2
EUASE,3
mejorsociedad,2
CascosBlancos,8
juanverde,2
adelante11,1
JovengoSv,7
PMovimiento,1
Avianca,1
Produccion_Ecu,1
GrandesVinos_CA,1
diegosantilli,1
CICconstruccion,1
DianaMartans,14
DavidGonzalC,1
evelynmatthei,2
panamcham,2
inakigabi4,2
CR_EibarErmua,1
fempcomunica,2
giselledellamea,1
FernandoReimers,15
trurin,9
PeterHDiamandis,1
FLMadrid,8
adelamar,1
DaniOrtaG,2
kari_blanco8a,16
GlobalGoalsUN,44
DirectivosHotel,3
IFLALAC,15
Cenpromype_sica,3
oficinaiticadiz,1
tecnoticginer,4
paristres65,1
Ipex_clm,1
paulalvarez,1
LuisHerrera2908,1
CEMEXMx,2
GSMALatam,3
chefdelmar,1
casamerica,2
larepublica_pe,1
BeatrizArribas,10
cenalfilven,1
ICOgob,26
BorealVenture,1
PactoMundial,425
EapnAs,3
MartaMHigueras,3
AndreaLondonoSa,1
ISMedioambiente,4
adonisabud,1
cantabria_emp,1
SDGaction,28
NativApps,3
jorgenunez63,1
GrupoNewsanUSH,3
MediosTec21_Vva,8
nayibbukele,29
ESTEVE_news,26
dangelonico,2
Raijenstein,11
Accem_ong,3
NicolasUribe,1
enentrenamiento,3
juntaex_cultura,2
heroes_urbanos,1
ReCity_,3
B4ATools,3
Yunus_Centre,16
HolaLuzcom,1
natacarbonell,13
PNUDArgentina,71
educaCNIIE,23
GlobalShapersMV,1
AIM2Flourish,1
grupopuma,7
SGuevara7,2
businessfrance,1
elsistema,13
A_MtzR,5
NECHIGROUP,2
sellofairtrade,41
UOCedcp,1
redongdmad,12
fundacionTef,12
Belenvq,7
BibliotecasRBJ,1
AlCantero,1
AEXCID_,8
ICEFI,6
montes_mnatural,1
latitudtaller,2
Agenda2030Peru,5
MissionBlue,1
JuanEspadasSVQ,1
Conacyt_MX,1
agostogabriela,14
sostenibilidad,1
PATOOVALLE,1
OECD,7
ajorda,1
CCyEAAragon,6
AlainJordaDEL,6
GrupoAmavir,3
CosmoCaixa,3
EmpiezaxEducar,15
RotaryES,6
FEACEM,3
JlChediek,1
FAOAmericas,11
SeResponsable,2
COCEMFE_,8
RedJovenVzla,2
DesignathonEs,2
RisiMarcelo,1
NurietaAlvarez,3
InsidePMI,30
unescoetxea,26
BibliotecaCEPAL,15
elianaberton,3
AsincaCanarias,6
RadioViajera,1
senadomexicano,9
noemitorollo,22
WFP_Peru,1
4decidi2,1
FonaturMX,1
sumafundacion,1
ocdeenespanol,1
CCiudadanaEs,4
robertotello11,1
BeticaMunozPogo,24
ANDEUruguay,1
pilarorenes,1
NaturgyFnd,2
ecoembes,5
CTIFMadridSur,3
CarmenPlanas,11
ddu_10,5
CfceMontevideo,1
mejiasrosa1,1
anamcmonzon,5
Marcoaperezruiz,1
InnovacionUNAM,5
Ultima_Llamada_,2
TrabEnPositivo,5
YouthToLead1,6
portalento_,3
JOHNSCADE,9
ITCnews,3
MMolineroE,9
EU_ENV,6
CeipMelquiades,4
MINCEX_CUBA,1
BcnDesignWeek,7
SoyGuerquito,2
ucatolica,5
DGobiernoCV,17
M_Viota,2
MoncasideAlvear,3
nobbot,1
Noti7Guatemala,2
CIEMZaragoza,13
VisionariumNYC,2
AcercaRedes,12
lamujerdelvelo,2
ANTAI_Panama,2
arelyfeminista,24
MedComoVamos,15
Ayto_Sevilla,1
CEVAXIN_PTY,6
UiCuba,8
GrupoElecnor,3
IvnWilliams1,1
cosmoACCION,9
Borges_es,1
iesburgoie,1
ReLACnet,1
FundacionCepaim,31
AyudemosONG,1
Daniel_Masso,2
LetiPaulizzi,2
AMIQnet,1
murciaturismo,3
elperroylarana,1
RJaureguiA,1
canvasRSC,6
gjalzate,1
ACNURamericas,2
AlfonsoVillares,1
mdserrat,1
AzucaralDia,1
FordFoundation,2
PauliePM24,3
WaykanaGuayusa,1
j_manso,1
Ventaja_FM,6
puntosigre,24
cesardargam,1
BayerEspana,3
UNSA_Spain,4
ItziarRosadoMor,1
AguavivaNuria,3
ACCIONPLANETA,1
carlosbarrabes,1
KPizarnik,69
Proarbol_Col,54
BikeRecyclingMX,3
AOlveira81,7
grupobaratz,1
ArmadaColombia,1
EAPNEurope,1
ICC_SV,3
Entreculturas,6
Pattymafafa,4
Recuenco,4
Casaafrica,12
ruthparticipa,3
MRappallini,1
dsn,2
FuturoLatinoame,5
WWFColombia,1
SmartlyLive,20
StevenPuig,2
leroymerlin_es,10
UNODC,1
ale_paganini,1
bluetabtweet,2
anarancio,1
univcadiz,3
GeDuRom,1
jcdelolmowwf,2
BelchiAG,4
SPEGC,2
UNODC_MX,1
clinicaJASUsal,11
Nao_Casanova,1
mvegaro,1
pedrajasmarta,15
julian_dangelo,23
Gemma,1
LaPazAlcaldia,1
jmoisesmartin,5
CanaldeGobierno,1
Hazloposible,4
MrCuarter,3
loquedasvuelve,1
e_Cooltra,2
is2030,3
CISS_org,6
datalat,15
JesusAliTabasco,15
fcomUH,1
los_ods,2
SandraAsteteM,11
InnovArauco,4
FGP_ETSIME,2
CatedraComEx,3
lacasaqueahorra,1
JVLpez,8
ehuprest,2
Give_Directly,1
CINUBogota,2
cgonzalezmuzzio,1
CapacitaRSE,16
jesuitascolegio,3
MMujerRD,1
canal13,1
mirkovlahovic,1
UMU,27
TVN,1
IAPHpatrimonio,1
AMEXCID,1
ANDIGRAFCol,1
ColegioAlcaste,1
MichMuschett,10
UIPBAJovenes,1
Sumaksamya,1
PDPMCentro,1
WEPrinciples,1
petarostojic,7
Buen_Comienzo,1
SaionaraKR,3
BrissiaBenavent,1
PascalCagni,1
Fundacion_SERES,26
novagob,8
AgendaCAF,4
BIVAMX,3
GPatriciaS,4
Nancydelasa,1
ed_Creativo,3
PlanClimaCity,1
DGEECpy,20
Gullon_ES,6
globalcompact,27
ibercaja,4
Julia_Moreno_,2
GuilleHerreraV,1
NativeScientis1,1
UNGC_Cities,1
cultuciudadania,3
iesheliopolis,2
juliuslaetus,15
viveandalucia,1
nfvega,3
MorillaBeatriz,10
onu,1
redcomovamoscol,6
Access_Info,1
atresmediacom,2
lukaquelo,5
elinformatorio,1
Trafic_Latam,2
FrancescPedroED,6
PNUDGuatemala,1
helenaguitart,2
ProgresoMF,13
Metropoliscomu,9
carosantosR,4
midesuy,1
Lacolumbeta,1
FCaparros,1
SoyNuevaPrensa,1
JPLaiglesia,1
AytoCandelaria,2
Muni_provi,2
TeresianasSala,8
mop_chile,1
ICMIFAmericas,4
FCulturadePaz,1
intraemprend,3
PEalmeria2030,25
ARNAIZpartners,1
RM_Presidencia,30
PnudColombia,43
AytoCastro,3
mmendizabal1,1
co2cero,1
ONLBG_Spain,1
WalterMartello,1
GabiValencia13,1
CocaCola_es,2
codexguatemala1,1
MCJ_CR,1
sylvieduchamp,3
Columbia,3
soydigitalwoman,1
rivanca,1
forgender,4
magitoto,2
pi1068,1
DIRECTVEcuador,1
Knotion,4
udeconcepcion,3
HectorYepezM,2
TierraMadrid,4
5diasPY,5
LaBolsaSocial,5
claraarpa,8
EconomiaMza,1
PIF_Unizar,7
VIRAL_MX,9
rickynegri,2
ColegioBalder,4
LibreriasCEGAL,5
UniversidadeUSC,6
akatonyab,4
CProspectiva,26
YABTs,11
_Opagac,13
Robeco,1
YolandaMaya17,1
CeciliaGuemes,1
UNEDMadrid,4
JuanArizaRuiz,5
aplaza,2
secgeneralcba,44
IB3televisio,3
iegUC3M,1
itwillbeorg,1
PactoMundialMex,49
spencercalderon,1
alfonso_saltos,2
Feique_Prensa,19
aromero_INFO,3
jpaulinich,1
AccentureSpain,8
redrunacional,5
HPEspana,7
olivergleusteen,3
UNDP_innovation,1
msjcim,2
JASanahuja,5
oceanpanel,1
mariskaschaap,8
HumboldtCosmosM,1
Mlopezvi,5
fermaragano,3
liquencity,5
egrygl,2
FundecytPCTEX,1
PtoMorelosAyto,1
heraldoes,2
PactoGlobalEcua,33
VCarranzaR,1
juanicoha,7
MAEChimborazo,5
ZaragozaCFF,1
IncubaTalento,4
PaseoBuenPastor,6
ColegioHerma,15
desalambre,3
NLagroEspana,12
JuanPina,1
32alvarogarcia,6
Isabel_Butron_M,3
InjuvChile,12
ALCNoticias_Esp,1
Clifford_Chance,1
CaroMachado13,6
NotGip,3
IsabelStMalo,21
joseanRdelaCRUZ,2
CruzRojaProvTfe,4
LATU_uy,14
CACteinforma,2
institutomora,1
AuciUruguay,1
MINPIOFICIAL,3
MoirMiguelangel,2
IngenierosCHILE,6
ICEX_,3
CEUAndalucia,4
CifalM,3
LaUnica945,1
CIRIEC_Esp,46
antoniojaguiIar,2
vilellafer,2
CooperacionAND,14
el_pais,16
IDIAP_PA,1
duvides,2
oibescoop,10
Aebanca,3
orbitalaika_tve,2
UAM_Madrid,15
FGarciadeSola,3
cescyl,11
CorferiasLoja,6
ComprasRD,1
HumanAgeInsES,2
BasqueFoodClust,5
IISUNAM,1
rubencarricondo,21
pablomartin78,6
GretaThunberg,2
ChechuFalcon,1
amturiel,3
Euskalduna_eus,2
juan_otegui,2
jbparalax,2
mariarubiom,5
Water,1
P4SB_Biotech,1
TendayiB,5
unia,1
selvinrivas76,5
AsambleaEcuador,2
barcelonactiva,4
santiagolvarez,1
BBK_Behatokia,21
VicenteMunuzuri,1
elEconomistaes,1
ahuertasmejias,22
further_es,2
ENStatelessness,5
ADELANTE_UE_ALC,2
jaimecontrera01,1
UNCCD,7
Cajamar,6
ESSForumIntl,2
gibranrr,5
PracticaOds,2
ECU911_,41
carlos_hidalgo1,3
cavallejoan,6
jrcastelazo,2
Juventud_Parla,1
LaNaveMadrid,105
XJusticiaFiscal,3
La_Cuadra_Gijon,3
AySA_Oficial,6
coralina_sai,1
AirFranceES,2
Agenda2030MX,73
ADNColectivo,1
Robert_Iturra,1
Action4SD,2
VeroDelgadilloG,1
fEClatam,1
NovotelMCenter,1
Nacionesunidas,2
NoticiasVicky,2
BosquealegreMdp,5
AllendeEdu,3
Socialab_com,1
UNFCCC,1
Udalsarea2030,10
JpDemocracia,2
Solidarios_es,3
PE_Espana,1
imaeso,1
CIVICUSespanol,1
Varmond_School,3
UNFPAColombia,32
agencia_sinc,1
itdupm,16
innpactia,5
ayt0r,2
LegisAbiertaMza,2
abelaro0806,7
ATD4MundoEsp,1
ADEX_PERU,4
heberlar,3
DNP_Colombia,24
EmpresAbility,2
incatema,2
csachezro,3
AlcaldesMexico,5
JoseFarhatok,11
El_Oriente,5
MUNICIPIUMtwitt,3
FAOEcuador,17
gonzaloLadoA,2
GVA_CEACV,4
SMNARANCOAV,1
ceciliaBritto1,8
BID_Ciudades,2
CNNEE,2
pactocolombia,24
AFIDALatinAmeri,1
fiturnext,3
PeruECpe,1
jgarciadv1,4
culturas_cl,1
traperoshuelva,7
lucylarrosa2014,1
DentsuAegisES,7
oreull,1
bicicultura,1
juanroyoabenia,9
NormaCerratohn,2
SeamusPFinn,1
UNLoficial,12
GaticaVicente,1
m_ebrard,4
FunMultiopticas,1
DefendamosPaz,1
VNUMexico,5
tengo_hogar,2
deportes_unizar,8
PielagosADL,1
DCTA_ETSAM,1
StaMMicaela,2
martauim,2
ObservatoriCat,1
HNtransparencia,4
luisacarcedo,1
FundlaCaixa,6
LJarava,1
sgaticam,1
larazon_es,11
ja_calle,5
feriademadrid,55
osvaldolaportok,1
CDeEconomia,6
JuanRamonCalero,1
ecoalf,2
ikermontes1,1
PugaSelva,6
laredKLN,1
andece_general,1
MvictoriaOtero,1
SenasaAR,2
Troposfera,5
banconalpa,1
COP25CL,10
movand60,4
Eco_DelCuidado,3
RSenlaJusticia,4
stevenstrogatz,1
galo_valarezo,1
Mariajaneth,1
CircularProject,16
omarfayad,34
gardenhotels,6
mercados_SUL,5
MinEnergia,1
amandafeldman,1
R_Empresa,1
HeryckRangel,1
marutipapaleo,1
sebastianpinera,5
gcba,1
SanJeronimoC_mx,1
pablo_lopez,1
Dircom_CEOE,7
ECOTERRAE,1
MauVila,6
MaratonCuentosG,3
GobAntioquia,4
huchilora,1
JuanCaMunozA,2
CerveceraCAN,34
FretzerBorges,1
IdentidadCcs,2
ONU_PANAMA,2
SaritaR05,6
agdagira,1
CONGDCyL,2
CNNChile,1
nachocardero,7
_Angel_Roman,1
Comunidad_AEDH,4
Mides_RRII,1
makesenseMexico,2
Animalsound,4
RES2masU,7
devmultilateral,4
BCorpSpain,2
Abanca,1
opsargentina,3
ILPeinclusiva,17
meia30,7
IesPSur,7
PaquiGodinoRoca,15
KilliamArgoteMD,1
ciclo_siete,1
MAPFRE,27
Camilo_Pinzon_O,3
CruzRojaCordoba,13
HasbunAlex,1
PSordasCordoba,5
Repsol,4
Powtoon,4
SEDESOH_GobOax,52
Migueldiezsanjo,2
IdCanelones,12
MariuMartini_,1
UV_EG,1
Albert_Rivera,1
CeDeus,1
AlanAlguacil,3
benacazon,2
danielnewball1,1
AstraZenecaES,1
UNIAuniversidad,1
Peru_2021,1
quintaporrua,1
MariaLuisa_MX,12
pitirrojo,2
EAPNes,17
jlseto,1
econ_socialcat,1
jorgeheinel,2
elmercadodelsol,2
FJavier_Murillo,8
ViceRDo,15
caixapopular,1
bancoalimadrid,4
IDoRead,1
rielcano,2
pregoneroisleno,1
fonturcol,1
EBienComun,1
ies_luisvives,1
ArbolCl,2
erkide,2
ConDemocracia,1
gemasanzs,3
MoritzBarcelona,2
UNFPAPy,2
AIESEC,1
CETAQUA,5
AMBACMEXICO,12
gitanos_org,2
covalcon,2
Angelssoriano74,23
gamaldonadov,1
ChiquilloBarber,6
PanEuropa_ES,2
bbcmundo,6
julioandrade_ru,18
ACCIONA_CL,19
LibretadApuntes,1
UdeA,6
TamiFarre,1
Isabell_Buschel,1
IgualdadyRSU_UC,7
CGF_Sus,2
ArtesIndigenas,8
CiudadanosCs,1
germangranda,46
Yasmany_GarciaR,12
Isabelbombal1,6
goteofunding,9
empleogob,26
fuertehoteles,6
ACCION_Empresas,3
MCorajeONGD,1
cordoba,3
clarintecno,2
inspireAPS,1
FrontierEcon,1
ResonnanceEs,2
UTU_Uruguay,1
OIT_ES,7
_PaulaaPerez,1
SomosSocya,2
AjuntAlcasser,1
Ineco_es,12
OrlandoNunezA,2
BeateStiro,2
SDSNMexico,1
GaliciaSostible,13
carlosdevega,1
EcjZafra,4
SEMARNAT_mx,1
vox_es,1
asosaber01,1
SusanaCdv,1
AragonAmit,2
andgastrotur,1
iroser_RSE,3
elpoderdlgente,1
estebandemanuel,5
culturainquieta,1
Fridays4future,1
AliciaMartinF,16
Packnet_,8
CmMdp,1
BASalud,2
EmbEspAbuja,1
UNESCOSantiago,3
BAProvincia,2
quieromibarrio,3
victormexeguer,5
CADIMESALUD,6
CONSTRUIBLE,1
LolesSala,1
UNDPabs,1
gobdecordoba,13
omaralpuche,1
Agenda2030Esp,588
intendenciacl,3
BertelsmannSt,5
segurosrga,1
AECID_es,28
warxman,1
UPA_Federal,1
PDDHElSalvador,1
Luisdipietro,1
caminosmadrid,3
LegisVer,1
ElFinanciero_Mx,1
figueraslm,6
ClimaxNTN24,2
cite_ec,1
PaolaPabonC,69
ProyectoSeda,1
rigocarvallo,3
ricardofortuoso,1
asungomezperez,13
nesiforum,6
vinuales81,6
RWelcomeSpain,2
arledomaine,1
SmartTalentUY,1
r_copete,7
CEOEAragon,9
redespanola,17
Tommaseo_mi,3
ceres_ecuador,15
JuventudLAC_MX,4
elindepcom,1
UNICEF,2
soniaruizmas,1
eleonpalmero,1
verdesdigitales,1
aguaycuenca,1
nicolasgandini,1
diegoarroyom,65
dafnu,2
fundacionyuste,50
RecircUP,5
FCiudadania,2
GSMA,2
josecruzurbieta,11
marosca84,1
expoquimia,2
sanitas,1
SE_mx,12
VLopezSabater,2
PaulGustavoE,1
RossDom05,24
DircomCAN,19
ivanhilliard01,3
FIAPAS,3
Portaventura_ES,1
DipPastorVera,2
EcoMineriaVE,2
sfw_tweets,1
Conapesca,2
Davivienda,1
PlanTodaUnaVida,4
Uniandes,4
Proyecto_LUNA,3
FAOfish,9
SEEDSandCHIPS,1
MuseeLouvre,1
uclg_org,7
ComillasAlumni,2
eComercioAgr,4
UNICEFenEspanol,1
sebacampanario,1
EnlacesXSustent,1
OscarLongares,1
otsrural,19
cfievalladolid,34
JCPaez71,1
bibliotecaUGR,6
xosegarrido,11
aytoBCM,5
AEPD_es,12
ToGoodToGo,1
plena,5
JDValde,11
MedialabPrado,30
GobiernodeChile,4
arisemx,24
DemsAbroadES,4
DowIberica,2
Manta2030,1
OITArgentina,1
UNmigration,6
TeresaArboleda,1
laaab_es,5
REDEXTREMADURA,1
RCN990Medellin,1
rvilasanjuan,5
CSD_AEIP,1
joaquinchona,1
IdeasImprscndbl,1
UNICEFCyL,25
_cuatrovientos,9
LucianaTuit,1
FSanCebrian,1
mondoiberica,4
AECIDPARAGUAY,1
gemhsm,11
AnaGascon2016,10
loles_leon,1
mbellido,12
helejimenez,1
fundacionmelior,1
rubenricano,1
fortalecersemdp,2
gramontani,36
DrapatriLac,2
SwedeninChile,1
Silvia_GarzaG,7
FAO_Colombia,10
EAsempervirens,22
CCOO,12
IPFisica,12
DrDCWahl,2
juanluissotoadd,2
CANAL_13C,2
david_garza,1
RevistaEkos,5
CisUnl,12
Mega,1
CoordiONGD,16
cooperaongd,1
raulolivan,4
AECIDPeru,1
mariopezzini,1
UCSUSA,1
CapitanFoton,1
FOROADR,1
EscuderoManu,2
AlejandroSernaS,1
earthinstitute,1
PuertodeCtg,31
Spainsif,13
MplazaYel,2
Iproma_com,3
eac_ucv,2
A_delPacifico,1
fpaniaguaocr,1
sekalboran,5
AngieGPizarro,3
EstrellaDammEs,1
marthagoyeneche,4
cluchini,1
CONUEE_mx,10
KnaufInsulSpain,9
CapiZapataEC,42
AstridCarranza,1
gemargzp,3
DyConsultores,6
unicomplutense,6
SandraLpezVergs,15
ONUChile,3
WorldRuralForum,2
MariaErquiaga,1
porsiete,1
IOMDevFund,2
wef,6
TL_Abigail,3
Standards4EU,5
opsomsuruguay,1
MujeresIgualdad,20
CelesteLopezP,1
DiegoCoronelMDZ,4
UNESCO_es,20
TierraHumedales,5
Grupo_Planeta_,4
iBERdiaz,4
srgalvarez,10
PepeVigara,1
DemospazUAM,1
JBotanicoBogota,2
YugenBlakrok,1
fproclade,4
AbeluriaCoop,7
javi_est,1
IOMchief,1
rocionahle,1
jafontaine,1
JackieUdeC,1
GeekGirlsLatam,9
carmenzaspadaf1,1
ColeEstudiantes,22
buzondeuri,2
lapperre,5
isostandards,5
Gabriel10298715,1
SUST4IN,13
DoceMiradas,1
ciberespiral,32
nacionysalud,2
Aiqbe30,3
Proantioquia1,11
FCSJ_UC3M,2
USAmbSV,4
cursosveranouc,5
CruzRojaAlava,4
alemilanesi83,2
CaracolRadio,2
atianaf,1
MINAGCuba,1
scolado,1
SomosGIG,3
StephWRF,1
BIDtransporte,1
Eurochile_,1
y_uribe,1
FUNDHEX,5
PgnzzDCA,2
alvarogdepablo,3
ucm_manizales,4
EJPielagos,1
nedgia,1
AlianzaOds,7
IndiaUNFund,1
eheestepona,1
airdmedia,2
Segeplan,9
SocialEcoEU,3
AguasDeHuelva,7
PelayoBezanilla,2
UNESCO,13
INNOVATALK1,1
PlataformadeONG,30
AitanaMuoz,3
aballabriga,17
dondavor,1
CAONGD,3
JPLarenas,1
BAVARIA_OFICIAL,2
LamanCarranza,53
andres_vial,1
VivamosVL,1
m_martinflores,2
BanescoPanama,2
conquitouio,3
chilevision,1
RSponsable,1
rabodeajip,11
RNVinformativa,1
cancilleriasv,2
bvisedo,2
IESAtaulfoArgen,9
ftomillo,1
CarolAlvarezMB,4
ctaima,1
qcom_es,2
ConsultoraGemma,2
matiasponce,3
MartinKerchner,2
CJOlivan,1
AytoSVB,4
SusChemSpain,7
INACpanama,2
Monvalca71,1
RadioUNAM,1
Vivo_Cuenca,1
CruzRojaGranada,6
BIKOnsulting,10
Citibanamex,3
EySMunicipales,2
Batera2030ORG,2
iAgua,15
TeellEditorial,1
UNDESA,4
gobiernohidalgo,1
marthadelgado,31
CompromisoRSE,11
s_garciaperez,2
oceano_atl,3
ONERD_,2
CristinaBorraj1,3
alavaemprende,2
UPVeranoEHUdan,2
redintegrarse,1
JelenRuiz,5
uiz,1
guillaumechiro3,1
CifalMalaga,21
unapcl,1
mjesusye,1
ZeaMuoz,1
AENOR,1
IJExtremadura,5
AEMArm,1
SipinnaPuebla,1
Heineken_ESCorp,10
OEA_oficial,1
Sercotec_Chile,1
GabrielFerrero1,20
UNDPLive,1
YeyiChocair,1
dossierprisma,1
AyaraCol,1
CentroTepoztlan,2
Mafer_TorresR,3
TrabHumanitario,1
josecdiez,4
carmeniglesiasb,8
LoliRicoG,17
MMAChile,5
BogaProyecto,4
canarias7,1
msaludpy,1
ImpactHubMAD,19
EcuavisaInforma,1
LectaGroup,2
igeoula,1
elagoradiario,13
basurama,4
GloriaAlarconG,2
BBVAPrensa,1
przc,2
katun2032,4
Anabelbeltrg,1
UGTForestales,19
Primavera_Sound,4
LinaVegaAbad,2
RedVisionJuve,5
Vevichi,5
quironsalud,1
JacoboOrdazM,4
EUBIC,1
zafra_esocial,1
OIMSuramerica,2
AppDermis,35
COFAPA_,5
borjavega,6
diariolaopinion,3
sbibliotecario,3
AnaMedinaUpo,1
comarcajoven,1
albertvilarino,15
ieee_es,4
LasMarabuntas,1
EJCanepa,1
Univcordoba,7
GonzaloFanjul,11
CarrefourES,2
johaharker,2
CNTinforma,1
Ayalde_,2
IFLA_Lib4Dev,7
ManuCanelas,4
PaulinaFrean,11
carotbo,5
rosamunozelena,4
SCpresidenciauy,1
saludlaboralugt,2
parcataula,2
CrisFaciaben,1
maria_ariza,3
EducoSV,5
Contraloriacl,13
Pizzolante,3
naiderupdate,1
SCamposBID,1
Expok,21
Agenda_Empresa,30
Modernizacionok,1
Mgildelgado,1
egase,2
infoRMurcia,5
FENAMM,8
Aran_Acha,1
ReforestamosMx,6
SandraGud,17
AleCortPas,3
AyuntamientoVLL,1
lanave,4
icatalist,2
iSostenibilidad,38
FeminismoINC,2
educaciongob,6
Bayertecuida,3
COA_Aragon,2
EcoFELTWOOD,1
afin_giz,3
USAIDES,4
ekifundacion,1
whiteband,2
PabloGutiOk,1
CenicsPanama,8
LuisJulianSalas,1
TaisGadeaLara,2
LaFuraDelsBaus,1
MarisaGomezCres,7
ForoQyS,5
safasevillansr,2
mitecogob,56
AnaPilar_MR,3
amolanor,3
ignas68,3
alejo_segib,5
Avivir,1
manueljesusF,10
LHKibarretxe,2
rlopezsm,2
Maorodriguezgon,2
ONUPeru,1
AguasdeAlbacete,1
Mnahuelmunoz,3
ComisionODSPy,17
BegonaCabanes,2
ETSCaminosUGR,2
CIMASINNOVACION,10
supersevi,8
FilmotecaMurcia,3
LaestacionBen,7
fegadacegalicia,3
LorenzoJdeL,4
Calidad_Pascual,6
FAOCuba,1
inst_humboldt,18
bibillescas,2
SilviaTorresC,1
CECyTEHidalgo,89
LuisEAlfaroM,1
WFP_es,1
megustamimerca,2
BBVA_Colombia,1
JesusTolmo,4
SancorSeguros,4
hazifundazioa,6
MechilopezA,1
AccionaJobs,2
alternativaver1,1
ensgismau,11
comprometidosuy,1
Gilalcala,1
Forbes,2
leadimage,1
PrensaAreco,1
joazcurrain,8
elmundoes,9
Mondalayla,1
ZGZActiva,1
ProSoliRD,1
piedadrestrepor,2
MaquitaBolivar,12
iesisbilya,6
annaterronc,1
VarelaDubra,1
ODSAUCA,3
CAPoliticoEAFIT,1
FICMECanarias,4
qosITconsulting,3
sasnoa,4
CruzRojaSOeste,3
ArielGuarco,1
esc_espana,2
UNinBrussels,1
IvanDuque,2
luis_azcona,10
Ecoitalia1,3
TelconetLatam,10
mercedescapitas,1
IPBES,18
unescolima,3
CatedraBrialUZ,1
MelbaAdriana,1
EmbEspBelgica,1
AmaliaLopezAcer,1
desafio2030,10
BBVAFrancesArg,2
IHCantabria,1
GrupoGFLAC,4
CEDRSSA,1
PrefectoIMB,5
GreenDrinksBA,1
Issac_Alonso,8
escuelagob_ide,4
internacionalUM,9
fundaciontef_ec,1
IICAnews,1
OrgSoriana,3
JorgeFaibre,3
praecyl,1
AzucarHonduras,1
jrolalla,1
LaniAnaya,2
COPADE,12
verizon,2
FuturoEnComun,16
IDAEenergia,1
MTESS_PY,5
AdapteCCa,2
UNHABITAT,3
UCAM,1
IOMatEU,1
INJUV_Antofa,4
Blanquerna,1
a_alonsonunez,41
anam_cid,2
guillibrand,1
FAOHonduras,4
ineverycrea,5
HOSBEConline,1
ivanrivasrdz,1
DeustoFabLab,5
NAtutxa,3
compromiso,1
LoyolaAnd,24
Huila_Stereo,2
MEFPANAMA,1
Mineducacion,1
CetelemSpain,3
INEI_oficial,1
futursostenible,1
HeraldoEscolar,13
JosechuFT,18
AngelesSolanes,4
OECD_Centre,3
luisolisfg,3
CEPYME500,1
PartidoLiberal,1
UnaNicaragua,1
Enel_Chile,1
Camarabaq,9
CEF_MN,12
acentoline,1
BorjaDazRivilla,1
crc891radio,1
tonibernabeu123,4
AlCaceresMon,1
soyanais7,1
UIMP,48
FRubioTorgler,5
isaperezdobarro,6
NoticiasONU,2
clear_lac,1
Asun_Martinez1,12
miguelrcabanas,3
SIPINNA_MX,1
Colliaalejandro,5
EsHorizonte2020,4
_USIL,1
FerminCerezo,1
MIAMBIENTE_HN,17
jlruizdemunain,2
GobernacionSai,1
TriventoArg,1
noticiasquilmes,5
fnovaterra,1
ucoerm,2
mjbautistac,5
JordiOliverSola,1
RegMurciaBrux,9
EAPNGalicia,6
Lecturas24H,1
ConsorciZF,20
Gaby_Buffa,1
se_unam,1
Brigittelgb,18
Lean_Arreagada,1
Centro_Regional,1
AmigosTic,2
sonarqpaisajes,2
INAP_ES,25
uocra,1
alejandromurat,17
marialazaro,1
UNOPS_es,9
ARA_Sostenible,4
DanoneNA,2
CCBiblio,2
COAMSS_OPAMSS,9
KofiAnnan,1
drgiovannehux,10
jsegura17,1
CSCAE,13
AytoBenaguasil,1
librolecturagob,3
brunobasile,2
UnedEconomicas,1
patrimonio_cl,4
mcarvajal28,2
OceaniaEMA,1
impact2030,13
CaixaCiencia,1
24HorasTVN,1
cicat_cl,6
protedemolina,1
DelphiNor_,1
danone_es,4
GanaderasenRed,1
LaClau,24
angelblancoes,4
RespSolidarias,12
mldoce,2
AnttonAlza,1
CONEP_RD,5
bbva,12
euenergyweek,2
SwedeninGT,19
patigosalvez,1
comuna33,2
ForoNirvana,1
CamaraColombia,1
MaitenaVega_,1
eliastorresa,1
AlonsoRiveraM,1
LourdesMcpher,7
infopresidencia,2
Luis_Fierro_Eco,1
jmnavalon,2
vascoverde,5
CCTHADER,10
UNACEMoficial,4
bescolaresgal,1
nacex_,1
unaisanma,2
amasiain,3
jjoselitran,2
AcnuUnaCuba,8
TUDCN_rscd,1
lidiaschmukler,1
SonyaGuerraLpz,30
PNUDPARAGUAY,10
hmy_group,3
UNESCOICTs,4
SalesianosADG,5
Tecniberia,1
pactoglobalpy,15
msalnacion,7
onumujeresEcu,2
CDOverde,8
FAOenEspanol,34
chemplastexpo,1
MDSParaguay,2
SchindlerNA,2
perogar_BIM,16
IzAb_Bierzo,1
NovartisSpain,1
ibermaticagrupo,2
comamel_,3
CajaCanarias,1
SSDPedomex,14
Fun_Realmadrid,1
CiudadSustentab,1
CancilleriaPma,28
ambienterd,2
ONUMedioAmb,28
Sacyr_noticias,1
VictoriaSeiasa,1
pere_navarro,4
fbuyolo,149
CaroRguez,1
labgobcl,6
PedroJ_Cuestas,1
soleaguilar_,2
LuisMi_Jurado,1
CNBMex,1
elreparaz,9
ATTMx,1
CMNUCC,108
IArgonauta,11
Eurada_RDAs,1
Cepsa_ES,1
MGalardon,4
Andesco1,5
FAOParaguay,23
asociacionASA,6
epssura,2
EducaMerida,1
crecyl,1
FCIDEMAR,6
HubTec_Chile,1
unicefpanama,1
apradilla,1
minasenergiaupm,9
Corpocaldas,4
AmbienteMuniCba,1
martinsaladillo,3
congresofuturo,1
UATAEAndalucia,9
avvelasquez,1
rmcoopera,65
AMEXHI_Oficial,4
UNESCOsanjose,12
sosrefugiados,1
FissaMalaga,4
SVS_Sitges,1
UEmbPy,2
MovistarEC,5
UnicajaBanco,24
CubaMES,1
guzmanhennessey,4
ADB_HQ,1
LSEMiddleEast,5
beambif,63
VeeduriaBogota,1
jmcastrob,7
FNAmbiental,24
LaBellver,5
RevoluSenior,1
PNUD_Venezuela,36
UBAeconomicas,9
COHEPHonduras,1
serycoin,3
ainarazubillaga,1
QroTravel,1
FTelefonica_CL,5
diegogg,2
Cannes_Lions,1
IETorroja,1
haurralde,1
cardiosoto,2
rizzo_paula,1
jonparod,3
Epson_ES,5
BHDLeon,8
red_ricg,1
tuprimerord,3
MediaLabUGR,8
GoogazBizkaia,5
Biblio_Social,10
gitanos_org_CYL,2
IRSLaRioja,16
UKITRC,1
unizar,79
IPPDHMERCOSUR,3
DEFENSORIAEC,1
OECD_BizFin,1
AgroSinF,1
CEE_Paraguay,7
CruzRojaZgz,1
LaVanguardia,2
LourdesAtrio,5
joelsas,1
LuciaInigo_CDTI,2
Senniaf,47
Turespana_,3
CharlyDiazLr,3
guardianacional,1
sergiounac,1
SubseDDHH,10
NomasdNet,1
AlbertoCasado8,2
socyedu,4
UAHes,4
MunozAnabelen,1
orange_es,1
uvggt,4
Laboratoriorg,14
ONUHabitatSpain,4
glendadimuro,2
DaniPatinoCCOO,9
FundAcavall,1
Angel_M_Sanchez,2
ciriec,7
unisevilla,1
BCNArgentina,14
Reciaria,1
agenciacbajoven,6
UN_Women,1
parcan,1
SoyCibelino,4
JMLanzaPV,2
redesconrostro,5
TCiudadana_UPV,5
aybar_rodrigo,8
ErdeGEA,16
UN_innova,4
ComunicaValor,3
eherrerog,1
monicachaoj,1
jordi_a,2
Appco_es,5
SECTUR_mx,84
Suelos_Vzla,7
Telefonica_Col,7
teiknasocial,3
julitarinaldi,1
Raquel_Szt,4
ODSColombia,12
Eugenia_Aq,4
IndiainSpain,1
SilviaMorimoto,13
FedericoMartire,1
UdeLaHabana,1
formagesting,1
kubuka_mxe,16
TeletonMexico,1
AMIQGreenChem,2
ciberyolanda,20
FiscalTrans,4
donjuanborbon,1
alicanteayto,1
TerramChile,2
MorenoBID,1
ArteagaMireya,23
ombudsmanorgmx,4
CONAFOR,1
limcamar_es,1
NATSAL21,1
CambiemosMolina,5
TropicaliaRD,12
GVAinvattur,1
CitibanamexCS,2
_OrtegaVictoria,30
jcyl,5
UNFPA_Ve,2
UAM_Economicas,1
secuoiaa,1
Magisnet,16
mariajpico,9
ONGDSED,25
TeacherPrize,5
dalia_correa,5
MaxTrejo,6
MujeresaSeguir,2
OscarRecioColl,2
OroHits,2
excelenciacl,1
dtruran,1
Vi_Simon,7
EnergiaEDP,2
jurlaceramica,6
Davidrkrapula,1
emilymusilchrch,1
maribelvicario,2
verarex,2
reds_sdsn,8
CCOORM,1
ELENADELAP,1
miosotisr,2
CEUAAlumni,2
CentralMalaga,2
Juan_Pajares,1
El_Tesoro,1
ColliEvangelina,3
BancoMundial,5
CamFinTechUru,1
RSConsulting6,2
ramosmanuela,1
TERRAenVISION,1
GobOax,40
Gonzalo_Mendez_,7
CajaIngenieros,33
AMGNMx,1
inito70,1
EdgarSalas01,1
Endesa,50
onucolombia,4
UNEnvironment,2
21gramos_net,1
IKEASpain,1
Comfama,1
pacoduranona,1
UTECinnova,2
crisgabarron,1
TriCiclosB,1
1A_Ingenieros,1
VINTEMX,1
DinersClubEC,1
GAgroamb,3
fpaisdigital,1
YouTubeEspanol,1
_AnaCarrillo_,1
ELIKA_Fundazioa,6
Defensoria_Peru,11
EU_IPO,4
fmisangre,1
NUTRINACIONcom,4
madrid2day,2
FundacionEndesa,5
ProfeMerida,2
GHLicona,10
GabrielaPastorT,1
socialabAr,2
equidadmx,1
MorenaValdezSV,1
fundacionMMAC,2
UNDESASocial,2
Objetivos2030,1
CoyoacanScouts,1
BCIE_Org,5
icai_cic,1
missylolahuetem,3
ASAPME,8
JanecunRamos,4
FURAmx,2
WWF_Mexico,1
diana_dovgan,1
BApyme,1
CIRDCapacita,4
laaleginger,1
g20org,30
ODSTerritorioEc,42
astro_duque,2
vodafone_es,1
GlobalGoals17,1
JM_Yturralde,8
ralvariza,9
unfoundation,2
ccsa_sv,3
mariajocano,1
gaticavice,2
AECIDElSalvador,1
nahueloddone,27
encardc,1
France_UNESCO,1
ArielGarciaUCR,17
DOMINGOMARTIN2,5
ESICEducation,1
FBertelsmann,4
MinInteriorAR,14
PNUDSV,30
JGoldschtein,3
CamaraMedellin,1
IAJota,1
SustDev,7
PichinchaGob,123
anamilenasilvav,3
hacesfalta,8
Chubb_Seguros,4
FAOMexico,4
CINUmexico,37
DSantin,1
BAeducacion,3
EPMestamosahi,1
PNUDRD,14
paulo_cepeda,1
desruralcat,6
Graiman_EC,3
emoctezumab,1
cncuvenezuelau1,38
eldiarioes,5
UnileverChile,1
coa_LZ,2
DorianMora,1
zulliethel,1
daphnecastillo,2
FundacionECOTIC,1
uimunicipalista,16
thisisgo0od,3
iesifach,1
jesquiga,3
AyuntBenetusser,1
ProntoUy,8
maricruz_Sc,4
lolagb,4
LomanaGloria,2
ppd_argentina,7
Transcendent_es,1
ccuestagarrido,1
polisea,2
INMdeColombia,1
Relben14,2
UDLAQuito,1
menaiaretti,4
PaolaTapiaSalas,2
TSolarGroup,1
CiudadMitikah,1
Perez_Agenjo,2
IEA,1
MSPUruguay,1
EQSuman,7
claseate,3
ManHurtadoFer,11
JosueFiallo,1
Cide_Ags,1
RedViralEdomex,13
MdRestauracion,4
Esode,2
f_f_ambiental,3
FEYACoficial,1
IAENUniversidad,1
uammanizales,1
WWF,3
Anamasanro,7
ruthernan,18
MX_2030,1
LAURADEVEGAF,4
Julian_Ugarte,4
gentequebrilla,1
AHKParaguay,1
GIAndradeP,11
Trinomio_es,1
MINSA_Panama,28
Plenainclusion,88
envirall,6
XavierMarcet,1
CEHEhosteleria,1
Plademunt,2
grupoLOBE,6
INICIAOficial,10
Urban_Zen,1
chechamerchan,6
SEGITTUR,50
SEKSantaIsabel,6
UColMayorCundi,1
sgcity50,6
FADE_COMUNICA,2
EzquerraIrene,2
gabrielmesan,2
dpl_news,1
RCNSAI,1
pnud,92
RSEncuentro,1
abinbev,1
PorrasMx,4
senacyt,5
AsianFarmers,1
PactoGlobal,56
lpajin,7
ForoRSEMalaga,38
FMusol,14
ScotiabankPE,1
benavides_marta,1
IES_MARINA,1
gabsocialRD,9
JoAguilarMedina,2
unglobalcompact,1
jefferyjbutler,1
LifeIntemares,1
PMIMadridSpain,1
InvestigaUtpl,55
CementosArgos,1
Vicmunro,1
Coeplan_,1
ValentinCarrera,25
JaimeCuartas,1
CenacedAC,9
SpotlightAmLat,4
lgomez4,18
sinerxiaconsult,9
MonDiDonato,1
Julieta_SEO,1
Minrel_Chile,7
LA_UCEV,5
SFP_mx,1
panamamunicipio,1
dorina_bonetti,6
CENER_Energia,2
metrodemedellin,3
ACNURspain,4
EduardoCarreonM,8
LuisRevillaH,12
robtiko,4
GuatemalaGob,1
SmartCityLATAM,3
LosFoodistas,1
_Isra_Cruz,7
DonadoraMx,3
presidenteCSCAE,2
APCColombia,7
CPatinegro,20
MDLZ,1
AytoAlbacete,1
CristinaNarbona,11
personeriamed,13
mamenintheworld,6
zaragoza_es,13
HablamosdEuropa,1
FundacionETNOR,7
alexmontevideo,2
jesusanibale,11
SubCSyPCP,1
alemo781,2
GeBragaOrillard,1
ProFuturo_,9
ciudadania_i,1
INAImexico,4
culturasviales,1
EDUCADORAV,1
CubaMINREX,1
ProTundama,4
BBK_eus,9
MinariaSostible,1
InnovadorasTIC,1
almagra_,1
mvgaudo,2
ArroyoPaloma,12
josebellver_,1
aytodeguadalupe,1
adrianapmunozr,3
NoticiasUTEQ,1
FET_Valladolid,3
PaseoCulturalLR,1
ferdiazpacifico,12
alflaserna,1
pablodeolavide,8
japedreno,2
Pcaceres_,3
lantegibatuak,2
CantEliseo,1
tecnoholic,2
MaryRuiz_es,4
loposible_ok,7
uzcultura,4
ObsLaRabida,6
consumidores,1
opds_gba,4
RPL_ODS,16
diegoconesa,2
EistrupMathias,1
Gaes,2
cypesoftware,1
TheGlobalGoals,2
BIDagua,1
Robiamny,1
manueloteroIICA,1
agirrecenter,8
IEbusiness,5
Mimogutierrez,5
Canaragua,1
MaterialCultura,1
innovactoras,4
MentoresDe,1
UNED,41
Mireia_Gargallo,1
OisocOficial,25
LopezMirasF,1
Cristin4Beckett,1
MerchePozo,2
dipujaen,2
EJCovian,3
coneval,12
cbajo,1
ritaspada,1
ingdanielpizzi,1
UPSMexico,1
eriko_florespz,2
EDCsFree,3
PAEArgentina,4
PilarBernado,3
InfoHidralia,19
micaelarpe,1
Hidrogea,3
santalucia_seg,1
clusaga,1
AndreaNallim,2
Dip_Va,1
aiguesbcnclient,1
ZarzuelaDC,7
WHO,1
pablojmoses,1
alexchavezh77,1
MinfinGT,2
juanph19,2
jpferbo,1
CINUlima,9
cmazabel,1
susanafinger,9
FMInoticias,2
MaMechecastro74,1
FedeAbizanda,21
FOL_IE,30
Info_ecoforest,2
Fira_Barcelona,1
FELIXAOVEJERO,12
ednicaiap,1
USOConfe,7
ericalobos,1
ErikaSaraiVzqu1,6
KilianCD,2
davalho,1
MunicipioQuito,1
Acontraelhambre,4
worldscouting,7
vox,2
GobCordillera,2
jcgomvar,11
PactoGlobalGT,3
RSCresponsable,1
Seplan_yucatan,17
PasionxLaBocha,34
BCNecologia,1
AulasOds,24
MuniCircular,4
CsMJe,13
jflores052,1
youthlisboa21,1
ipizzolante,1
Reale_Seguros,2
nutriHUEVOS,1
GabrielaRana197,1
ciesu_uy,2
hrw,2
EUCouncil,1
TheObjective_es,5
lamilitar,10
oppuruguay,15
Rotaryvall,1
bancosantander,1
pedrolisbona,1
Diegofuio,1
ilo,82
cmolinan66,1
OrsiYamandu,1
closcadesign,1
CrisGElorriaga,4
Nissan,1
AlmeidaPP_,1
SDGFund,1
CinuPanama,18
Chema_Vera,26
FLACJ_Oficial,2
RevistaDinero,1
RedCiudadesBici,7
Ecoveritas,10
CancilleriaEc,5
CorreosExpress,5
aldeasosecuador,3
solvay_ES,1
FenacoreOficial,6
emac_ep,1
ParcSama,4
DiegoIsabel1,2
AmbitoChile,1
Kernpharma,5
IFAD,8
Any_Solution,1
industrialesupm,1
ClubMKRioja,2
PladesFrutillar,2
IICA_Europa,2
trampasparker,3
LogicaEcommerce,21
UFILive,1
FuhemEcosocial,1
lookidclub,4
VistageARG,1
Cienciamento,14
Innovaspain,1
Soniassr,3
AnaBotin,4
rrocasalamero,1
jhergony,3
LHehenberger,2
VinaBujanda,1
JavierOubina,3
AlonsoXL,1
mjmolram,10
FAOUruguay,2
MPPAAguas,1
FAO,36
OlgaDueas2,4
CantabriaONGD,4
cpallotti,1
david_j_p,4
ochaconrojas,14
Ibercivis,6
SDAAprovechalo,1
CanalOnceTV,9
ieee_mhidalgo,2
aeropuerteruel,5
carmenpinan,3
MPPEDUCACION,1
agbtic,4
MinamPeru,1
irenepanea,2
modasosbcn,34
BeatrizCerdan,4
Mercadona,6
innovadoresCIP,1
Potachov,2
Selphinia,1
OECD_PCSD,3
EvaDiazTezanos,14
avanzasostenibl,2
PaiisUniandes,5
fgcabezadevaca,1
PSuipacha,2
ArnaudPeral,1
FondoCanCoopera,5
sebastiansichel,2
ejaypangdiaz,2
ArviInnovapesca,1
Lavola1981,1
MinIndustriaLR,4
DieresisAnimal,2
LUCA_D3,17
ICLEI_SAMS,5
almaffioli,12
remac,1
icandfc,1
redecim,2
icare_chile,9
aytopielagos,1
Francescorocca,2
MIDES_PANAMA,19
SergioLealVinte,1
racorreaj,31
icacoop,15
MurciaFestTicks,9
lavozempresari2,2
PNUDEcuador,64
danielsan18579,1
jpduhalde,7
Mercasa_mercas,5
EducacionSEO,8
G_40,1
WomenDeliver,2
AlbertCuchi,1
pacogbellego,1
campusb,1
diego_tovar1,3
1GlobalAcademy,1
Coopsdetrabajo,15
adelagimeno,1
ninosconalas,11
cclimatico,4
UNFPAMexico,2
sayra8a,1
lci_barcelona,1
Minvu,1
informaria,23
ies_politecnico,2
cecytehtezo,88
Cambio2030_,11
ccemx,1
ciriecco,3
machinebone,2
IDHUV,2
mervatrishmawi,2
Edu_Ambiental,82
RBHGlobal,4
CREAndalucia,38
URosarioRadio,1
BBVAworld,1
Natiruizg,3
MisionCubaONUG,1
HolcimEcuador,1
Ebenspain,10
Plataforma3sect,6
PaulaAriasO,1
sergiobergman,2
inakiirisarri,12
unrefresco,2
Shareaholic,1
AsdownColombia,1
UNITAR,8
Dejusticia,1
ejsambai,1
sebastian_gray,2
Sonsoles_Garcia,1
domingopeppo,5
sustainalogy,3
CrueUniversidad,18
IAE_Austral,3
iesginer_org,5
CocaColaCo_es,1
medioambienterm,1
PaMeLaEunIcE,1
sec_trabajo,1
DERES_RSE,15
RAISFundacion,7
OAS_official,4
clarkemodet,1
es_INE,29
Lenin,3
fiiSorg,2
Fenacore,12
InnovaRecoleta,1
MAECgob,79
asundiaz11,1
nicvaliente,1
jlsaenzgb,4
ClubEMASMurcia,1
RAQUELGCH,1
a_coronado_m,2
Findeter,3
JuneCalsor,1
TarapacaLabs,5
fulloa51,1
agustinvitorica,11
globalwindday,1
EmbEspEstonia,1
SanzCobena,1
pilarmorgar,7
diasolidario,2
EU_CoR,5
SEAvanceDigital,3
antonioguterres,9
CarlaMuirragui,7
AgnesMathis,1
DefensaCivilCo,1
sembrafuturo,1
GemaEmpresarias,1
InnovandoUdeC,1
TRSA_rrhh,3
Apoyopositivo,3
bgmps,2
RevistaPedalea,1
amnistiaar,1
MAramendia,4
ALLCOT_noticias,18
UNIVERSIDAD_PMA,4
la_eco_reserva,1
AltrapoLAB,4
_marcos_martin,20
compromisoclima,9
grupoSancorSeg,1
MicrosoftEDU,2
ArgeliaQueralt,2
TheBodyShopSP,1
YokastaGuzman,1
cousunam,1
Isabelgarro,6
CNP_Partners,3
IgnacioHenares,54
arturojimena,1
nuriabalada,1
EuropeanSDWeek,3
Smart_Iberica,3
fresno_es,5
vcano75,1
shakjed,1
EU_Commission,8
IdeacionCanal,12
GrupoFARO,18
Congreso_Es,6
RosioAntinori,3
GGGICol,14
emivicentegonza,7
WayraMexico,6
jmnadie,1
theGEF,3
AitorSanfo,1
Secot_,7
Gesor,2
BibliotecaNalCo,2
CyActua,1
EcoInventos,1
RicarTruji,1
dany_matu,1
Juanicolas_in,15
prensa_libre,3
bbva_argentina,2
icynthia,5
IES_S_Isidro,2
markova25,12
SenpladesEc,14
ChongoSarai,1
AJECLM,1
ETSIDI_UPM,2
MuseuMaritim,2
LFLopezCalva,15
CEAinforma,6
GiovanaPRG,2
NicolasMaduro,1
marriamor,4
Fernando_Casado,7
CambiarCrecer,2
coops,6
WPSP_IAPH,8
luiscayoperez,6
CNCPS_oficial,68
bibliocampusMTY,1
ciudadelfuturo,1
ApesSocial,1
RMonfasani,1
corferias,3
RevengaIng,2
Adif_es,2
_NicolasCruz,19
AEDIPE_CV,2
AEISinnovacion,6
fsjd_Madrid,4
PROCOLOMBIACO,1
CamaraSAI,1
IzAb_CyL,1
PabloRiRoRu,1
Mtlch50,1
TimJMohin,1
blancagomezint,12
FloridaGYM,1
rebel_wi,4
fundaciontds,1
santiago_azulay,1
vegaclara,3
martavegass,2
cambioclimastop,16
RicardoNavas77,1
ComunicaRSE,2
UAGro_MX,1
covestro,1
medicina_udea,2
GEAccounting,8
aragonpsoe,1
clarincom,2
Gobierno_Tab,1
CanonEmpresa,17
EscuelaOEA,1
ConstruccionFcc,16
begonapintado,2
fundacionorange,1
Aguasvira,2
quepatechucho,3
grazianodasilva,1
UN4Indigenous,11
jessicayoung05,1
fundamiarbol,2
SR_Disability,1
LeireSanJose,2
eugetesta,1
FCCColombia,5
rhurtubia,2
TadeoGZ,1
AntonioRodriBae,6
dipucordoba,5
Dsocial_RM,1
AgoraAbierta,5
hiperterminal,6
CumbreIberoA,4
UNAUSAPR,3
redenorte_co,1
EstudiosdePaz,5
Fenoge1,1
sg_sica,22
anapastorjulian,1
elcasopablo,2
SRE_mx,27
euskadicoop,2
ferminserrano,1
agdelatorre42,18
claritzaopineda,1
margamiel,2
JuanCFulgencio,16
AsocMSMAD,3
Parlasur_Mnes,8
aena,2
mjgsm,8
PNUD_Mexico,55
CleanEnergy_ESB,3
Agrifoodcom,2
AnaliaPastran,5
tuvozalmundo,4
_CARITAS,3
FadJuventud,20
Arainnova_,3
lauranath87,1
floridauni,1
andresckane,10
Afi_es,3
opengovpart,1
ResilienteCA,1
MarioCimoli,1
forociudadesmad,18
iocmedia,1
UEenEcuador,3
VIAQUA,1
observafiscalcl,2
MIDAPANAMA,1
ETSAMadrid,1
Damaezcurra,6
FirmaAketzali,3
CdEconomia,2
scoutsdemexico,3
elcorteingles,3
lulaballarino,2
emblazq,1
associacioAlba,3
agustinintriago,1
MADRID,10
AsunSEO,30
josemanugb,3
ONUElSalvador,5
Oficemen,1
peaksbusiness,3
gcalerod,5
llopisanna,1
jkepler_ec,26
bryan_caplan,1
AlessandriFelip,2
anticorruption,1
cepyme_,19
creavila,3
PG_Espana,1
hogaresverdes_o,9
CCADSICA,1
Digiculturizar,2
vibuk_official,1
TransfoMX,2
amnistia,1
IARSE,6
AytoVillaAst,1
OissSec,22
ISCOD_UGT,26
CocaColaEP_es,11
ONGDhmasd,2
caixabank,19
DPNArgentina,19
diariotur,1
ongawa4d,7
Social_ICADE,4
youth4gg,1
martamaranon,17
Consum,3
nachojovtis,1
inigoalli,1
isaerre,3
_CJE_,6
creofonte,1
labvinas,5
FAMSI_Solidario,13
PresenteRSE,5
IINOEA,1
EscuelaIdeo,4
ASSEcomunica,1
TizadoJavier,1
fmarquesm,3
Borja_Barra,2
YPFoficial,5
UIAcomunicacion,1
universidadcjc,5
ElkinVelasquezM,46
conacyt,1
jgaldames7,2
PNUDLAC,13
GIPES_UAM,1
AMETIC_es,4
GUATEMINECO,2
OngawaUni,1
CarylBertho,1
MiEcosocialismo,16
FundacionAON,1
JaroJaritillo,2
VozNatura,2
BegoLdeG,1
GagoPablo,1
microempresas,1
SalesianosSTRD,2
PrefecturaEsme,1
CarolaSchmidtZ,3
ClaudiaUlloaTes,1
FAOGuatemala,5
EXPORTUN_va,12
carlosaguilarn,2
FAOArgentina,3
BPalLlo,1
Junta_Ex,1
enriquemmarin,1
ivanojedapy,12
utn,3
Nestle_es,1
Artceledon1,1
MiriamGuardiola,1
MJCastiella,3
InfoAquona,36
MiguelMiraPM,1
ceinaseg,6
aortizgalan,6
A_Encinas_R,2
osdelsur,3
COTSclm,7
CienciaPTY,3
CONAPO_mx,1
FcoPalavicini,1
networkercl,1
GBCEs,4
SunshineJaz,6
AndreuIbarz,1
mruedafe,3
davlafuente,4
MentxuBaldazo,1
JCITucuman,1
presidencia_sv,8
ESMARTCITY_ES,1
basepublica,16
gemalroy,2
cgtrabajosocial,6
cabezondepisu,2
europapress,1
squerol1,8
Laura_ro_,1
CACPECOec,3
IIGE_Ec,2
PLAsenjo,1
CruzRojaSevilla,8
WWFespana,14
MinMujer,5
CONSIDERApl,6
UNECOSOC,1
ainiatecnologia,2
publico_es,4
FAOEspana,4
diariodelpuerto,1
Data4SDGs,7
ForoDeImpacto,25
Amigosprm,2
UtecGlobal,1
barriodebilbao,8
Carlos_Gut10,9
UNESCOQuito,21
aprendizmusical,1
GCF_News,1
PECDDHH,1
FJAbandonado,3
UFSostenible,2
aec_es,9
gredossandiego,6
DarioReques,2
AlmaGreenDesig1,3
eduardochavar,3
aragonturismo,1
cpiaoficial,1
EcoAndina,1
EcuAgroalimenta,1
GUNi_net,1
TeachSDGs,19
e_soria,5
cmugica,2
CREMajadrozas,2
triodoses,2
monicasandovala,2
aquamargold,1
GrupoLiberty_es,3
UNDP,5
hugogam,2
mercamurciainfo,1
EstherBonillaM,10
OITSISTO,1
INCIBE,10
sofia_valenzuel,1
ColegioRomareda,1
gilliantett,2
lgaretio,1
SegarraSoledad,3
Planeta_Futuro,27
MexOnu,1
gonzaloyarzun,10
QUIMACOVA,3
wbg2030,1
VMoralesGorleri,1
NurFuentes,1
rpemovimiento,9
TeruelAirport,1
MineduPeru,4
BioHogarGlobal,1
ArturoGR08,4
Emasagra,29
UProfesional,3
Rociodmsp,1
SaludyDSocialAr,3
bfsalinero,3
carlosrebel,3
CEGuayana,2
GADCarchi,5
ComSostenible,3
ddambientalPUCV,1
FundacionFLOR,1
versuserwin,1
StaCruz_Mislata,1
GobSantaFe,2
Catedra_RSC,2
dominiquereyesk,3
coleccionsonora,1
bajoelbillete,1
jblasgarcia,9
paulafigols,3
AniluIngram,20
Arauco_cl,4
campuspartyco,1
manuelbonilla94,9
marisolgruiz,2
AnimalSoundFest,75
gmunozabogabir,3
HarmaninChile,2
MulleresPonte,3
drotorrent,91
FAOSDGs,3
Uponor_ES,2
EmbajadaEcuMEX,1
edna_guidi,3
agenda2030,10
santander_es,8
cemmalaga,9
CEIPA_Ecuador,8
MIC_RD,4
ggraymolina,2
EmbajadaEspArg,1
EvaluaALC,3
FundacionBD,2
ucongreso,5
carloscantep,1
fortunata_2030,5
sltcaucho,1
prodesformacion,1
RedElectricaREE,5
mafsul,1
AlvaroArzuE,1
SILBARCELONA,1
Andalucia_Rural,6
JuarezCelmanGob,1
CTAndalucia,7
fmorcillo,5
Zafrainvestiga,1
suromig,2
osvaldmoortiz,4
MaristasCt,13
TooGoodToGo_NL,1
ArrabalAID,3
frdelpino,3
unican,17
rosa_m_asencio,1
FerminQuinones,7
GlobalFundacion,2
EstelVilaseca,1
aps_sevilla,1
UNESCOPeace,1
CreaCulturaRsC,19
SandraMArevaloA,1
secot,1
Adriana37390855,5
margaritacdf,16
IMPLANPuebla,32
GeografiaViva,1
UEenMexico,5
PedroBarato_,4
ISOSecGen,5
ACBJ_RADIO,2
MasterRSC_es,2
ruiz_gaitan,4
asempal,2
nodesperdicio,7
CongresoGuate,1
anigadelhierro,5
greendrinkscba,2
PrometeoRCR,1
INAFED_Mx,59
3CSCAMBIOS,1
GemaHassenBey,3
MRE_Bolivia,1
FedericoWals,1
DGRVMexico,1
LelePinera,1
cibervoluntario,128
SistemaB,11
SmartServicesUY,1
ThinkupLKS,1
MINCOMCuba,8
RocioMorenoGBS,1
martacorella1,1
ModernizacionAR,1
Corfo,19
JosepPresseguer,1
febab,1
ballenablanca_,2
BPIEivissa,1
CNMV_MEDIOS,1
nogalino,1
Mocidade_Compos,1
guidogirardi,1
MimyValencia,1
bserranov,1
paradores,10
mcperdices,1
AGN_noticias,1
sebaherrer,1
EUROFIRMS,6
erna_solberg,1
CODESPA,6
stacatarinagob,2
mdepaladella,2
brmu,1
MontseMoliner1,21
ONUMujeresMX,153
cecale_cyl,1
AFD_es,1
Legismex,1
Harvard,6
deustoEmprende,5
JaboneroOEI,3
Giorgiabcn,1
gemvent,5
ARodriguezT2,2
wbcsd,4
UpInforma,1
IreneMelchorL,1
AstiFoundation,3
AngeldeProton,1
opsoms,12
ruthcarrasco,1
DCaggiani,13
Educacion2020,16
Ayto_Aranjuez,8
UtopiasEduca,2
SomosSANNAS,1
participate,1
belenalonsorse,2
Beatrizrave,11
ExcelenciaCIP,1
janaveros,1
MACBA_Barcelona,3
GabSocialPy,17
CIDE_MX,12
MatthijsvBonzel,12
mherrera68,10
redaccioncomar,1
Proyecto_Brisa,3
easymarketinga,2
AsambleaVE,6
IlunkaES,2
AlternaImpact,2
goib,2
CruzRojaMadrid,25
awfederico,1
USembassyMadrid,1
CaldasPigcc,7
ActAlc,1
FerVilchisMx,1
BBVAMomentum,3
el_BID,23
PrensaCDLaRioja,6
fibraunomx,1
GRI_Secretariat,19
EmbMexJapon,2
vrodac,1
FronteraEnergy,5
MasaCriticaMvd,3
CEPES2,46
CamiMateluna,2
VolCorporativo,1
FrayPedroUrbina,7
RogelioRivasSS,2
ACRundp,4
RMauricioValdes,2
SENADI_Ecuador,1
MargaritaDucci,7
CanalMalagaRTV,1
PNUDPanama,30
aplusmk,3
apciagencia,3
Lucilataboada,13
Gizatea,1
MaximoJuanPG,2
Felipecatr,1
InjuveSpain,24
AGCICHILE,1
CES_Sevilla,2
OngInteRed,1
GRADEPeru,4
SELAInforma,1
newlink,1
cbchileag,5
pilaralvarezm,1
xalocmar,1
oei,1
REDestatalAPS,1
eleduja,1
kdartigues,1
FaculEDUAM,1
stellaguillenpy,1
fran__san,1
AytoMurcia,2
AdsDulantoScott,1
sagulpa,1
AyalaEvadil,2
InnovaCiudadana,12
WorldTaekwondo1,1
fjmartosm,2
i_emprendedores,4
mercedesruizl,1
FEPEX_EU,1
CaracasPlural,4
CruzRojaLP,2
UNESCOgt,2
eesostenibles,4
FAquae,54
ManpowerGroupES,7
ramonjmestre,15
unesco_iesalc,2
Lateral_Diseno,6
UNDPGeneva,1
navarro_alb,1
JLBlasco_me,2
USAIDMX,4
Calvo_es,2
ONUecuador,2
AdmonUniandes,4
SekElCastillo,5
aqualia,13
FundacionCanal,11
crfger,1
CentroEstudMAP,1
OAN_Int,16
NQN_LAB,8
giz_gmbh,17
OITAmericas,1
IOMLHD,4
LaCasaEncendida,12
IF_UNAM,8
CNSEinfo,5
expansioncom,5
jmsanzgu,2
OpenExpoEurope,6
Antalis_Iberia,7
CruzRojaMostole,1
intaargentina,12
DOrtizLlargues,6
CELlogistica,3
monibrivera,7
CentroLeonRD,1
PartidoLiberal4,1
lccabareda,10
dolium_bod_subt,1
SCElSalvador,1
MIDEPLAN_CR,3
INETetp,2
normanwray,1
unicef_es,26
irvalpoSocial,1
fescancantabria,2
loreal_es,2
IPascualMadoz,1
Artangulo,13
CamarAmbiental,2
PUCMM,2
AnayansiRCamejo,16
VolyEstrategia,35
BBVAWorld,1
GobiernoER,1
Universia,4
gesiuris,7
Valencia_EC,3
joannavarro0,2
ingcesarhdez,1
schon70,1
planb_group,3
AsocDIRSE,6
InnovacionPma,1
IFLA,33
srestrep,1
cultura_guada,1
municipalidadlr,3
PAtlantida,1
plemonche,3
AdviceRRHH,2
M21madrid,1
RodrigoPerpetuo,13
reamsurca,1
CRECarinena,1
fg_ull,6
SARFelipeVI,1
FAOWHOCodex,1
UnionEspazocoop,7
_agricool,1
martaisabelg,1
kpvalarezo,3
everis_latam,2
MJoseCarracedo,1
educaINEE,4
ninamoreno2,7
Holiday_World,2
UIPBA,2
CaminosDivulga,71
TequilaSmart,1
CarlosLLV,1
FCTAlgeciras,1
VivirenEspana,3
silvia_ka,14
Isabelssouza,3
BarriosSosteni,2
EP_Social,4
coambaoficial,2
RicardoDuenasEC,10
CAAF_FCAR,2
AranoJoseba,2
Hispasat,3
acaparrosg,1
empleacantabria,7
pousuazo,1
BIDInvest,46
cadizginebraen1,9
Adolfo_Borrero,12
24_morelos,1
matejcre,11
zuletajuanca,3
ONU_es,343
OxfamIntermon,34
oficinaverde,2
ampliadodeltren,1
SGIRPC_CDMX,1
MisionGinebra,1
jbgoikoetxea,2
BravoPuldain,5
ProyectosAmbing,9
cruzrojalcorcon,1
UNSDSN,15
_CLACSO,5
ActuaBierzo,2
Benasque_,1
stri_panama,1
GeotermiaA,16
Luciavwesterla,4
ONUGuatemala,25
bcn_radio,3
AndreaniOk,1
centro8marzo,1
ULL,3
Lafede_cat,1
ahrenner,2
ProsumidorSoc,5
dsocial_gob,6
Yerburu,1
SoyCoparmex,1
uclg_cisdp,7
s_coolman,2
MuniRiobamba,1
ashoka_mx,1
ecogallego,1
ele_trigo,7
FUNDAHRSE_,1
VRBartolome,1
CCEDSCorrientes,2
Unilever,3
CLANDEBICHOS,3
ovelar_blanca,8
ComisionOds,9
renzo32gonzalez,1
infoautonomos,3
UmuODSesiones,2
PNUDBolivia,10
fjgonzalez_l,5
OficinaVerdeUZ,18
ATUspain,6
rubendmarquez,8
FVarazdin,2
La_UPM,28
B_Leclerc_AFD,4
MYWorldMexico,19
3500M,4
MonarchieBe,4
UNICEFGalicia,18
eduardo_recoba,4
ABB_Spain,1
SpecialistsES,2
jguaido,1
lopezfernando,1
GSGimpinv,5
AgroDer,7
mcampobernal,2
GrupoInclam,3
elcolombiano,2
Gesfera1,3
fmapfre,18
Empresarioszgz,1
CONANP_mx,1
AndreaIrarraza4,1
UNISDR_Americas,8
PARLASUR,108
FundacionAtabal,1
GrandesMedios,1
fstraface,2
independienteco,1
FCC_Group,7
IA_Mujer,3
ICDA_UCC,26
ijnetEs,5
marcosgonzalezm,27
DesmodusRecalde,1
ecomedios1220,7
NadiaCalvino,59
mariale_rico,1
prensacom,1
sic4change,10
ImpactoTIC,3
fecamur,1
FunTresCulturas,6
FonresSA,1
orvifrusa,2
empretecarg,6
raqueldfa,16
LoreRecabarrenS,9
RepDigitalDO,1
Gentilebruno,2
palomapu,5
JivanFC,1
martagarciamtz,1
VOCES_CSocial,2
Innuba_es,1
CeDeC_intef,38
UNESCOesd,3
EscuSostenible,1
Cajasol,6
AsajaNacional,4
JuventudXClima,1
ohchr,1
JosepMVilalta,3
EneresEs,2
SsuperLe,6
RedPolitologas,24
aperezabaleta,4
manologallegos,2
SocialabUy,14
UEenColombia,3
cientifica_sur,8
radioalma,2
bclvalladolid,3
AjinEspanol,2
MuniChivilcoy,4
CesrNunez,1
EFEnoticias,1
SilviaCFerreyra,1
AndyStalman,1
ColegioESoler,12
unlp,11
AnunciosRevista,1
TairaPena,2
medioambientecm,8
ONCE_oficial,20
_CEPAZ,19
FACYRE,3
TGWdigital,1
upsa,2
Agriculturers,1
Obs_trafic_UTPL,2
pirineos,1
aleadershiporg,2
TECHOecu,2
mjguardiola1974,1
CRE_Villalba,10
Fedesarrollo,1
antropohackers,2
EstadisticaBA,1
LaEBC,5
ndelviso,1
ALCsinhambre,2
DiMoVill,1
embacuba_repdom,4
UECoE3,51
Maquita_Cjusto,13
circulareconomy,3
madresfera,1
GrupoSergioM,17
UniElectrica,1
SDGoals,2
COVRI_org,1
nortecastilla,3
porCausaorg,1
lacentralec,1
infoCEPEI,58
CruzRojaCorrHen,4
FicoGutierrez,3
MinagriCL,1
lectoribus,1
JS_Blanc,2
SeaflowerOrg,1
WinWinCEF,1
Profe_RamonRG,3
LANACION,2
miriadax,3
SVoice2030,3
Salvador,7
ProvidenciaTV,1
MiesesGlobal,1
DuniaLudlow,1
IbercajaSocial,13
anaherreroher,8
GADMT04,3
931_fm,1
cbpAtacama,1
CONGDRMurcia,12
CicloDespierta,6
RED,1
EspacioAnepma,3
nexosmexico,1
BoehringerES,1
RArtaviaL,5
SchneiderMX,4
Pilarfgil,2
bifzag,8
CarlosMataix1,6
cristina_REPM,3
MAS_Business,10
UNICEFargentina,31
SamsungEspana,5
Metanogenia,1
eusumogal,3
CSIC,9
esFIAB,18
CERTFOR,2
TIME,13
CITIX_ES,6
aromeroa,1
Juancarlosblanc,1
SylviaEarle,1
imcomx,1
hansvestberg,2
immaperez,1
vmva1950,31
mostdesarrollo,1
VarkeyFdn,5
ComfenalcoAnt,1
AnaTMuro,1
CamagroGuate,2
Aj_Torrent,1
BAinnovacion,1
IDICT_Cuba,1
santimalvicino,8
christeiaene,1
AnabelAlonso_of,1
camoes_ip,1
AEMET_Esp,2
JosepBorrellF,4
CIO_COMPANY,18
elenapisonero,2
MRGdeviaje,2
CundoCaso,2
Forbes_es,6
realDonaldTrump,1
UNAM_MX,8
RenabiAr_Ok,1
ISGLOBALorg,27
diarioresponsab,23
horaplanetacr,1
Portocolomases1,2
fmujeres,9
laliii,2
FacultadUes,1
Eurecat_events,4
Mesa3sectorAst,2
mresiduosUMH,1
Accor,1
maristasguada,3
uicn,1
Instituto_IPS,1
adriana_conconi,7
Muni_Stgo,2
aFdezMor,2
UNCTAD,1
MurciaAcoge,6
RedAgenda2030MX,5
VMLYR,1
vcmutem,2
UCPy,1
MiriamLeiros,2
Servimedia,14
SAGULPA_,9
TecReview,1
DefensoriaCABA,4
TurismoDeporAND,1
NormaPensado,7
Fundacion_PyE,10
barriopolis,1
Sociolidarios,12
minsaude,1
Eleccion_USA,1
eleconomista,1
LouiseAScott,1
lavoragine135,2
MaritaVillone,1
RebeFarpon,4
cpdcaldas,1
EmbCanPanama,5
Barrabesbiz,30
Carlota713,6
DiputadosPy,1
diegosrdz,1
aliciabarcena,1
bredruel,1
OECDEduSkills,4
rrll_y,5
uvigo,1
AcleMarcos,5
DKVSeguros,1
ColonialOficina,4
europeaid,1
mcazco,1
UNICEFBalears,1
CruzRojaEsp,50
LACEMOS_LAC,2
ACBJ_OK,3
R4SGroup,1
antonigr,1
ciriecaa,1
UnileverSpain,2
InColectiva,4
Pro_Ecuador,1
CentroOds,318
PwC_UK,1
helsinkiespana,1
jamontesg,1
CancilleriaHN,19
ontiverosemilio,2
GobiernoSalta,1
aguasdelorca,2
KLM_ES,2
CatedraAQUAE,45
ESADE,7
German_Espinosa,39
bibliosenaccion,3
reverdeconcausa,40
La_network,8
Vice_Ec,1
UNDP_ART,18
ashokaAr,3
institucionsek,12
IgnacioPorroche,3
smv2458,1
Angeles_Jurado,1
CSREuropeOrg,1
belusozuniga,10
SEKCiudalcampo,5
MinjuDDHH,10
usal,3
clic_koala,9
Cantabria_Rural,5
myriamgarabito,1
CDH_Defensoria,27
SinTrabinfantil,4
MuniGodoyCruz,1
CarolAlvarezmb,21
GuilleLobo,2
anisandel,7
CoLab_UC,48
mjcinca,1
Cocemfe_Aragon,2
Proexport_Spain,1
davizescobar,3
hugocabrera,2
ppelaezz,1
esimpact,1
MLopezGon,1
APIE_es,2
YiyoHr,1
UCOMILLAS,3
EspNaturalesMur,1
tonyvives,64
FCermiMujeres,3
RAriasD,8
IzAb_Leon,1
chileenergia,1
SecAmbyCC,1
PwC_Spain,2
DG_TAESYRSE,3
madridforo,5
elconfidencial,9
NaturayCultura2,14
ObservacomU,16
Cooper2030ods,4
elisavalumni,1
MdpDS_uc3m,1
bancalimentos,4
onuhabitat,23
LaureusSport,2
Elizita,3
soto_jimmy,1
aidabooks,2
beatrizbecerrab,1
IpsenGroup,1
CES,2
Techo,6
AllianzGI_Esp,1
UA_Universitat,3
OpenValueFound,3
GVAparcs,12
uclm_es,9
fundacionfidal,1
EkoREC_eus,2
caterodrigueza,1
etsiaab,2
MorenoMunicip,2
ecointeligencia,5
AgenciaSust,33
Atlantic_Copper,5
ISTASCCOO,1
mapi_villaveces,2
OsirisLunaMeza,1
PFCantabria,1
Directivas_ARGN,1
cifi_finance,1
regiondemurcia,21
hans_ebeni,30
danifrass,2
LasBuenasNo,1
el_ICTJ,1
MabelTraberg,7
MarianoPinedo,5
flaviafrei,34
CerealtoSiro,1
ferrovial_es,9
desdelamoncloa,104
fundcolunga,30
UNICEFuruguay,2
PlanPy,1
SODePAZ,3
asambleapa,1
DongyuQu,2
mahou_es,1
europeanunion,2
ChileVoluntario,5
CIECODE,13
eldiarioInt,1
aytoguadaira,5
mariaphickman,3
Juanfradelgado,1
Macuarmisen,3
mobilitycity_,3
INAPESCAmx,2
INPCEcuador,23
FNR_Uruguay,1
residuscat,2
AlcaldiadeMed,1
GESForum,5
ramonsuarez_,4
abelsuing,1
FundacionICO,13
ClaudiaMBetancu,1
ffla,1
FedericoHoyos,1
accesaorg,3
LHMenendez,2
Muni_Recoleta,2
plazavea,7
Corresponsables,220
JuanLuisCasCo,2
RGrynspan,40
Aecid_Guatemala,1
am_guijarro,1
FSJD_Investiga,6
USMApanama,1
GiticUnl,12
CrisConsuegra,2
NLinSpain,15
ACPUAAragon,4
adoptabosque,3
OIJ_DIGITAL,11
ircres_roma,2
MarianoBaquero,7
agaviriau,19
molakarla,9
NadaNosDetiene,2
deustoDBS,14
PepsiCo_ESP,4
lolosan10,1
laheroicaviajes,5
bpmmadrid,5
cepal_onu,61
educacyl,3
juanfercs,9
paulkrugman,1
DeboraBiain,1
Colegiocaminos,1
ecovivir,1
AccorHotelsES,1
CentraldeMuros,1
viasverdes_ffe,4
CECyTEHgoEpa,115
Muac_c,1
elpais_espana,2
pabloparola,8
SNavarroCCOORM,1
alexruiz007,1
interbank,7
PabloZambranoA,1
Xavier_MF,3
AlejandraDamian,1
Con_Creci,2
Mitradel,1
AECOC_ES,1
opencontracting,1
hospitalplato,3
ZERCAYLEJOS,18
FundacionYPF,2
MarcosJofr2,1
F_JaramilloG,1
vistage,1
EmbaMexAua,7
UniversidadEan,1
jeriesgocaldas,1
PueblaAyto,2
chileinfancia,3
ctxt_es,1
emorilloleon,1
AytMolinaSegura,6
icemar_uvigo,5
laverdad_es,5
fluesia,1
Conabio,1
gonzalezhuesa,3
TecdeMonterrey,2
AnaCallolGarcia,1
juveycamps,1
Mineduc,4
AcapulcoGob,2
SINFRA_GobOax,1
AguaLanjaron,2
fabianhevi,1
BrunoRguezP,1
malagacomotq,1
danielduquev,11
dragoneslvpies,4
cristinagallach,153
LaderasBusters,1
VALOSRSE1,13
aandreup,1
bibIM,1
asebio,14
santidonat,1
farnargentina,1
Sedeso_Morelos,2
GVAagroambient,12
itacamo,1
mirnayonis,7
Jennife15705176,2
marudipaola,1
RSanSalvador,3
EmeterioOchoa,4
OnePlanetOneSol,7
UATAEPGalvan,2
MiAmbientePma,2
MlCrayon,1
Ideboxperu,2
aulaenergia,5
IESAzahar,6
silvihabib,2
bahijjah,2
